#,Intensity,KB0_x,KB0_y,KB0_theta,KB0_led
0,0.0,nan,nan,nan,0
1,0.0,nan,nan,nan,0
2,0.0,nan,nan,nan,0
3,0.0,nan,nan,nan,0
4,0.0,nan,nan,nan,0
5,0.0,nan,nan,nan,0
6,0.0,nan,nan,nan,0
7,0.0,nan,nan,nan,0
8,0.0,nan,nan,nan,0
9,0.0,nan,nan,nan,0
10,0.0,nan,nan,nan,0
11,0.0,nan,nan,nan,0
12,0.0,nan,nan,nan,0
13,0.0,nan,nan,nan,0
14,0.0,nan,nan,nan,0
15,0.0,nan,nan,nan,0
16,0.0,nan,nan,nan,0
17,0.0,nan,nan,nan,0
18,0.0,nan,nan,nan,0
19,0.0,nan,nan,nan,0
20,0.0,nan,nan,nan,0
21,0.0,nan,nan,nan,0
22,0.0,nan,nan,nan,0
23,0.0,nan,nan,nan,0
24,0.0,nan,nan,nan,0
25,0.0,nan,nan,nan,0
26,0.0,nan,nan,nan,0
27,0.0,nan,nan,nan,0
28,0.0,nan,nan,nan,0
29,0.0,nan,nan,nan,0
30,0.0,nan,nan,nan,0
31,0.0,nan,nan,nan,0
32,0.0,nan,nan,nan,0
33,0.0,nan,nan,nan,0
34,0.0,nan,nan,nan,0
35,0.0,nan,nan,nan,0
36,0.0,nan,nan,nan,0
37,0.0,nan,nan,nan,0
38,0.0,nan,nan,nan,0
39,0.0,nan,nan,nan,0
40,0.0,nan,nan,nan,0
41,0.0,nan,nan,nan,0
42,0.0,nan,nan,nan,0
43,0.0,nan,nan,nan,0
44,0.0,nan,nan,nan,0
45,0.0,nan,nan,nan,0
46,0.0,nan,nan,nan,0
47,0.0,nan,nan,nan,0
48,0.0,nan,nan,nan,0
49,0.0,nan,nan,nan,0
50,0.0,nan,nan,nan,0
51,0.0,nan,nan,nan,0
52,0.0,nan,nan,nan,0
53,0.0,nan,nan,nan,0
54,0.0,nan,nan,nan,0
55,0.0,nan,nan,nan,0
56,0.0,nan,nan,nan,0
57,0.0,nan,nan,nan,0
58,0.0,nan,nan,nan,0
59,0.507364501953125,nan,nan,nan,0
60,1.27695068359375,nan,nan,nan,0
61,1.711890869140625,nan,nan,nan,0
62,1.789378662109375,nan,nan,nan,0
63,1.861180419921875,nan,nan,nan,0
64,1.8454296875,nan,nan,nan,0
65,1.817518310546875,nan,nan,nan,0
66,1.795645751953125,nan,nan,nan,0
67,1.79433837890625,nan,nan,nan,0
68,1.78346435546875,nan,nan,nan,0
69,1.8029296875,nan,nan,nan,0
70,1.892391357421875,nan,nan,nan,0
71,1.886207275390625,nan,nan,nan,0
72,1.1384521484375,nan,nan,nan,0
73,0.4491552734375,238,2116,-1.6291996684400019,0
74,0.4385302734375,230,2114,-1.6366554571654461,0
75,0.439505615234375,231,2113,-1.7283530359376122,0
76,0.443406982421875,231,2112,-1.750181829220904,0
77,0.448138427734375,229,2110,-1.8041927662342463,0
78,0.441871337890625,232,2110,-1.8221017898123284,0
79,0.446104736328125,238,2112,-1.834538346436025,0
80,0.450089111328125,235,2113,-1.8139215860217197,0
81,0.441622314453125,231,2121,-1.762184020634117,0
82,0.44529541015625,231,2130,-1.711948240861048,0
83,0.449674072265625,230,2138,-1.6499446603687336,0
84,0.44529541015625,235,2145,-1.5565979129546328,0
85,0.443448486328125,234,2148,-1.4686208505153378,0
86,0.448885498046875,231,2160,-1.4483299363026223,0
87,0.4441748046875,234,2160,-1.3318999776675735,0
88,0.439775390625,236,2160,-1.262484450674723,0
89,0.44512939453125,230,2167,-1.2255709160629564,0
90,0.44546142578125,232,2154,-1.2236862715457066,0
91,0.442203369140625,232,2146,-1.303970988968711,0
92,0.447432861328125,nan,nan,nan,0
93,0.44820068359375,231,2128,-1.5405515843752626,0
94,0.44205810546875,231,2115,-1.6726129601975464,0
95,0.44720458984375,232,2104,-1.8023218387916886,0
96,0.452579345703125,227,2098,-1.9279408382529546,0
97,0.444195556640625,234,2083,-2.0286564161181158,0
98,0.44728759765625,228,2085,-2.084557700009971,0
99,0.4538037109375,234,2074,-2.1387161976911324,0
100,0.447183837890625,234,2076,-2.1666174463465655,0
101,0.446519775390625,234,2082,-2.1577739561209803,0
102,0.4571240234375,231,2101,-1.523989844880485,0
103,0.44911376953125,232,2110,-1.9975823879143935,0
104,0.444776611328125,230,2121,-1.8573785562493725,0
105,0.450753173828125,232,2131,-1.7517425376232083,0
106,0.449176025390625,232,2145,-1.6215544785949625,0
107,0.44346923828125,236,2150,-1.5266741554968766,0
108,0.446270751953125,232,2163,-1.3901277492399435,0
109,0.445772705078125,231,2173,-1.2850222692261752,0
110,0.440667724609375,233,2171,-1.2129510554873786,0
111,0.44180908203125,235,2176,-1.184863575185359,0
112,0.444942626953125,236,2171,-1.132287952377931,0
113,0.44064697265625,nan,nan,nan,0
114,0.441580810546875,236,2168,-1.161250519218326,0
115,0.44712158203125,240,2167,-1.2053710380786171,0
116,0.44205810546875,234,2161,-1.2920778680086746,0
117,0.442265625,231,2157,-1.4176100698447076,0
118,0.449425048828125,237,2148,-1.4641299912642083,0
119,0.44720458984375,229,2140,-1.5780222491165423,0
120,0.4423486328125,234,2130,-1.6868967299313464,0
121,0.451209716796875,236,2117,-1.8217891862654385,0
122,0.450255126953125,234,2115,-1.941972923591127,0
123,0.443656005859375,229,2105,-2.0409380380947804,0
124,0.449591064453125,226,2103,-2.12280298808464,0
125,0.454114990234375,226,2101,-2.201657466376698,0
126,0.445440673828125,224,2104,-1.6041078458919902,0
127,0.45177001953125,226,2113,-1.3983034496655318,0
128,0.455360107421875,227,2123,-1.3165611597991127,0
129,0.44625,233,2132,-1.9738813416362042,0
130,0.447681884765625,228,2148,-1.8183598382485222,0
131,0.453160400390625,234,2153,-1.6581494661934464,0
132,0.44662353515625,234,2164,-1.5838810802438505,0
133,0.443033447265625,240,2175,-1.4758434440029813,0
134,0.4451708984375,233,2188,-1.3540347647725746,0
135,0.4428466796875,230,2195,-1.278800378460196,0
136,0.4396923828125,235,2191,-1.2086157132902553,0
137,0.442535400390625,228,2204,-1.2977370043114345,0
138,0.442701416015625,235,2195,-1.1896275844570159,0
139,0.441290283203125,230,2198,-1.3471546996458423,0
140,0.445233154296875,232,2181,-1.3709114421014004,0
141,0.44886474609375,236,2172,-1.5047392201507028,0
142,0.444112548828125,231,2155,-1.6598455540010288,0
143,0.449881591796875,229,2145,-1.8322634597873257,0
144,0.453077392578125,227,2134,-1.9909302662059796,0
145,0.44546142578125,226,2125,-2.127581302250668,0
146,0.447681884765625,228,2115,-2.217918189491347,0
147,0.453990478515625,225,2115,-2.299924898116897,0
148,0.44645751953125,235,2116,-2.310904475519428,0
149,0.446146240234375,235,2120,-2.280830952126885,0
150,0.454405517578125,227,2135,-2.2040380261263186,0
151,0.4519775390625,227,2151,-2.066496672892608,0
152,0.4455859375,234,2157,-1.9322419213121549,0
153,0.450836181640625,230,2176,-1.764061914845712,0
154,0.4471630859375,230,2190,-1.6134565644242054,0
155,0.44429931640625,232,2200,-1.4565582722848696,0
156,0.443406982421875,230,2212,-1.3418853094691636,0
157,0.443905029296875,238,2212,-1.3638466687585957,0
158,0.439422607421875,232,2220,-1.1847106831195262,0
159,0.442265625,230,2229,-1.2608622259297029,0
160,0.444361572265625,234,2227,-1.0703689330553763,0
161,0.441124267578125,232,2226,-1.097942169407089,0
162,0.4418505859375,237,2215,-1.2936836385027064,0
163,0.4458349609375,241,2202,-1.242647865418193,0
164,0.44214111328125,234,2196,-1.4259407911417092,0
165,0.4440087890625,232,2188,-1.484985606965652,0
166,0.449964599609375,231,2179,-1.6182706204160215,0
167,0.446416015625,232,2167,-1.74348944514999,0
168,0.44421630859375,228,2161,-1.85517013563972,0
169,0.453056640625,237,2148,-2.0178378603131186,0
170,0.450068359375,226,2145,-2.130157879698931,0
171,0.443988037109375,229,2140,-2.217717314832889,0
172,0.4488232421875,227,2142,-2.287829975983245,0
173,0.451790771484375,227,2149,-2.30321968778577,0
174,0.445440673828125,229,2159,-2.2316505576454944,0
175,0.44861572265625,228,2172,-2.128563182585923,0
176,0.452786865234375,227,2185,-2.0635353121011475,0
177,0.44620849609375,231,2195,-1.9091777152721603,0
178,0.444091796875,234,2205,-1.7653712020413508,0
179,0.4471630859375,232,2217,-1.6762941796969963,0
180,0.44363525390625,228,2232,-1.5379490061975014,0
181,0.441912841796875,234,2238,-1.382097773603883,0
182,0.44554443359375,234,2245,-1.3575335070238914,0
183,0.44322021484375,235,2251,-1.1502344179858035,0
184,0.440439453125,232,2256,-1.1167113151158627,0
185,0.444527587890625,236,2256,-1.1786037050866902,0
186,0.443822021484375,230,2251,-1.2694865026796478,0
187,0.441497802734375,235,2234,-1.4599295112918842,0
188,0.445855712890625,230,2230,-1.5362161221713322,0
189,0.447142333984375,230,2216,-1.629955671042918,0
190,0.4430126953125,236,2202,-1.7484675481510354,0
191,0.4455029296875,232,2194,-1.7980452803914773,0
192,0.44903076171875,228,2192,-2.0337670608496143,0
193,0.443427734375,228,2190,-2.115925443253719,0
194,0.446395263671875,229,2191,-2.1667571880825847,0
195,0.45056640625,229,2194,-1.9602666925942982,0
196,0.4474951171875,228,2207,-2.115225591902762,0
197,0.446519775390625,228,2219,-1.8562302589704975,0
198,0.4513134765625,229,2234,-1.8621625986084176,0
199,0.444486083984375,233,2246,-1.671663452531142,0
200,0.443199462890625,230,2259,-1.6098798967525587,0
201,0.44645751953125,236,2266,-1.5084821644613564,0
202,0.4436767578125,232,2274,-1.4357369234896753,0
203,0.439464111328125,232,2275,-1.3837470939152414,0
204,0.44326171875,238,2275,-1.220443385265547,0
205,0.44446533203125,229,2285,-1.174270520231035,0
206,0.442431640625,231,2273,-1.30898176015768,0
207,0.442991943359375,234,2265,-1.3744805854875572,0
208,0.446146240234375,232,2254,-1.4572344375505981,0
209,0.443365478515625,232,2244,-1.5376331735500886,0
210,0.445025634765625,233,2237,-1.6084423872083615,0
211,0.44778564453125,231,2225,-1.7082740504537952,0
212,0.444527587890625,230,2213,-1.7911598106912265,0
213,0.444984130859375,232,2202,-1.9870322472717818,0
214,0.45123046875,230,2195,-1.8908977596473564,0
215,0.445565185546875,229,2192,-2.1630216976793344,0
216,0.44380126953125,227,2197,-2.2022386157376506,0
217,0.449404296875,227,2201,-2.2039358686489603,0
218,0.44961181640625,228,2211,-2.1176225593975335,0
219,0.44488037109375,228,2223,-2.0378279583069325,0
220,0.44919677734375,239,2234,-1.4415220698385607,0
221,0.449632568359375,233,2247,-1.7932880726890046,0
222,0.44131103515625,232,2256,-1.6905963856257848,0
223,0.4446728515625,231,2267,-1.5585596479681927,0
224,0.446083984375,229,2280,-1.4921436464216828,0
225,0.43973388671875,235,2283,-1.4211956644133545,0
226,0.44122802734375,237,2295,-1.3351229829163849,0
227,0.442742919921875,232,2295,-1.310746122210758,0
228,0.4405224609375,237,2296,-1.1421358737724265,0
229,0.440335693359375,236,2293,-1.1672564022191922,0
230,0.44620849609375,236,2279,-1.2324496528660092,0
231,0.4406884765625,233,2272,-1.349273027848568,0
232,0.442784423828125,233,2267,-1.4995965879092363,0
233,0.449010009765625,232,2256,-1.5715158688558422,0
234,0.444029541015625,233,2246,-1.6523713199633452,0
235,0.4430126953125,230,2235,-1.7469948795477546,0
236,0.4483251953125,232,2227,-1.8406942868770892,0
237,0.44836669921875,229,2219,-2.122595985003162,0
238,0.4433447265625,228,2217,-2.2048013355422444,0
239,0.446748046875,226,2220,-2.2433182426295613,0
240,0.448408203125,227,2225,-2.2315220514223277,0
241,0.445482177734375,226,2238,-1.9816331007544896,0
242,0.448138427734375,226,2250,-1.873692629408838,0
243,0.452662353515625,229,2261,-1.9090974326015289,0
244,0.440750732421875,235,2269,-1.708759319122847,0
245,0.441871337890625,233,2278,-1.713397225470625,0
246,0.44753662109375,236,2287,-1.570301014398999,0
247,0.441124267578125,237,2292,-1.5107480197171501,0
248,0.440667724609375,234,2298,-1.4740738997728027,0
249,0.442867431640625,232,2304,-1.4349752831871498,0
250,0.440086669921875,232,2309,-1.3243343846859847,0
251,0.438800048828125,236,2309,-1.362056880322637,0
252,0.442203369140625,241,2303,-1.2481314932705248,0
253,0.44072998046875,234,2312,-1.3460748017079824,0
254,0.4383642578125,235,2305,-1.359477630807321,0
255,0.44156005859375,237,2305,-1.3481129107710519,0
256,0.44147705078125,237,2305,-1.3405930234542023,0
257,0.43882080078125,237,2303,-1.3609816316387704,0
258,0.440169677734375,238,2306,-1.2367492663351811,0
259,0.441871337890625,232,2307,-1.3490882571621636,0
260,0.438966064453125,232,2316,-1.2634658912450734,0
261,0.439837646484375,238,2306,-1.2334577303737202,0
262,0.442161865234375,235,2309,-1.2331643844418467,0
263,0.439920654296875,234,2308,-1.3382372148379487,0
264,0.43994140625,232,2316,-1.2589339999917595,0
265,0.442763671875,232,2307,-1.3412129665307937,0
266,0.44056396484375,237,2303,-1.3283725958030796,0
267,0.43927734375,234,2310,-1.281664062448698,0
268,0.4436767578125,239,2306,-1.1161203233291364,0
269,0.442742919921875,239,2299,-1.282410474845297,0
270,0.4402734375,236,2296,-1.2981406570800615,0
271,0.44458984375,232,2292,-1.353753950931738,0
272,0.44413330078125,229,2283,-1.4256673734613559,0
273,0.441995849609375,232,2270,-1.4978469699603512,0
274,0.447017822265625,234,2257,-1.6180415942938602,0
275,0.44869873046875,232,2247,-1.7583433048579122,0
276,0.44313720703125,238,2239,-1.9122817968930974,0
277,0.4476611328125,228,2229,-2.0205815665243803,0
278,0.449757080078125,226,2223,-1.9309685234194855,0
279,0.44396728515625,228,2216,-2.218792917737648,0
280,0.444195556640625,228,2220,-2.2510455117978534,0
281,0.449549560546875,226,2226,-2.260288372145334,0
282,0.4466650390625,227,2235,-2.2075754222773334,0
283,0.44479736328125,227,2244,-2.1640889100469867,0
284,0.4535546875,228,2255,-2.0750212770137075,0
285,0.44890625,231,2267,-1.9482339200778824,0
286,0.4425146484375,232,2280,-1.8077333481060407,0
287,0.448636474609375,236,2294,-1.654294438452129,0
288,0.444984130859375,234,2309,-1.5654161728220277,0
289,0.442161865234375,236,2309,-1.4448408713544936,0
290,0.44189208984375,235,2326,-1.3018334175511903,0
291,0.443863525390625,234,2330,-1.2062080138237263,0
292,0.4386962890625,235,2336,-1.1296899037731007,0
293,0.44139404296875,238,2341,-1.1054710393853018,0
294,0.441788330078125,239,2337,-1.1170107994535083,0
295,0.4400244140625,237,2333,-1.1641244067908136,0
296,0.440833740234375,235,2322,-1.3516021370265232,0
297,0.44463134765625,234,2310,-1.4200510803235744,0
298,0.443199462890625,236,2298,-1.4908725665088305,0
299,0.442078857421875,233,2288,-1.6053889565122468,0
300,0.448408203125,236,2278,-1.7421281621445077,0
301,0.447266845703125,231,2267,-1.7607834327382594,0
302,0.4418505859375,229,2259,-1.8438500614637414,0
303,0.450545654296875,227,2253,-1.9581916818621181,0
304,0.448740234375,228,2250,-2.226805877045103,0
305,0.442369384765625,227,2254,-2.2296039586743532,0
306,0.449591064453125,227,2259,-2.1928504990732014,0
307,0.452537841796875,228,2269,-2.1299870206891978,0
308,0.4455029296875,232,2281,-2.0265745466052856,0
309,0.44770263671875,235,2294,-1.7843140553102383,0
310,0.450047607421875,232,2308,-1.6854190538784692,0
311,0.44247314453125,235,2315,-1.6022831660895767,0
312,0.44272216796875,233,2330,-1.515879586264166,0
313,0.444195556640625,236,2341,-1.3958630705789368,0
314,0.44131103515625,241,2353,-1.264026780010898,0
315,0.439713134765625,235,2359,-1.319327373524244,0
316,0.4448388671875,239,2360,-1.1041733405703447,0
317,0.440875244140625,236,2365,-1.0775824023091012,0
318,0.441788330078125,236,2362,-1.1128012522801107,0
319,0.444361572265625,230,2357,-1.1631591226969196,0
320,0.442452392578125,237,2344,-1.2988912670762884,0
321,0.44147705078125,230,2335,-1.4106635497057205,0
322,0.44529541015625,233,2317,-1.529982456551883,0
323,0.446083984375,235,2308,-1.6239666414716343,0
324,0.44197509765625,232,2293,-1.7167943122189389,0
325,0.448719482421875,226,2286,-1.8410895980974038,0
326,0.45218505859375,227,2277,-2.162468920748145,0
327,0.442701416015625,224,2274,-2.292646898119795,0
328,0.446021728515625,225,2273,-2.3612816858166017,0
329,0.4506494140625,229,2275,-1.5961807228803497,0
330,0.44562744140625,234,2282,-2.3675042015023005,0
331,0.4456689453125,234,2292,-2.281467713284382,0
332,0.455318603515625,229,2315,-2.1192584085563,0
333,0.44903076171875,237,2331,-1.4805260326776395,0
334,0.44371826171875,237,2346,-1.7465191283611476,0
335,0.45019287109375,237,2355,-1.6543501951539294,0
336,0.444984130859375,237,2369,-1.501848256102714,0
337,0.440107421875,236,2381,-1.3756129110837536,0
338,0.44197509765625,237,2393,-1.2558677813033903,0
339,0.443157958984375,237,2398,-1.1622781659495507,0
340,0.43832275390625,239,2405,-1.110590488295223,0
341,0.44139404296875,240,2407,-1.0418680306292458,0
342,0.44869873046875,237,2407,-1.024147299180581,0
343,0.4413525390625,234,2395,-1.0478767571206813,0
344,0.44371826171875,235,2381,-1.2712770184855176,0
345,0.444984130859375,233,2373,-1.2922354102552376,0
346,0.440750732421875,237,2358,-1.3864004433530939,0
347,0.444320068359375,234,2349,-1.4957067452113968,0
348,0.446685791015625,238,2332,-1.6113576350339827,0
349,0.44363525390625,235,2329,-1.735157497699813,0
350,0.442742919921875,234,2320,-1.769227264924651,0
351,0.450919189453125,228,2309,-1.803800000991565,0
352,0.447225341796875,231,2303,-2.089653456864511,0
353,0.44438232421875,227,2302,-2.176003479357016,0
354,0.449300537109375,228,2302,-2.217843286964519,0
355,0.449840087890625,230,2306,-2.184064736646924,0
356,0.445233154296875,229,2318,-2.0812447616587253,0
357,0.450006103515625,229,2330,-2.028071663616492,0
358,0.4526416015625,228,2344,-1.83625884852019,0
359,0.441580810546875,229,2360,-1.8083863454076639,0
360,0.44604248046875,235,2368,-1.641152568983343,0
361,0.448843994140625,234,2378,-1.5699200409322227,0
362,0.441103515625,232,2388,-1.489943171192122,0
363,0.441165771484375,239,2394,-1.315931381349225,0
364,0.4429296875,239,2405,-1.206843062829317,0
365,0.44114501953125,240,2410,-1.1369666477924012,0
366,0.439215087890625,232,2416,-1.0776285119398175,0
367,0.443240966796875,234,2416,-1.0596489883387186,0
368,0.442099609375,240,2403,-1.1239907060400913,0
369,0.44023193359375,232,2397,-1.3483176588856818,0
370,0.444901123046875,236,2383,-1.3843174339928526,0
371,0.44820068359375,234,2374,-1.5551054079751694,0
372,0.442659912109375,235,2356,-1.6303083665409108,0
373,0.447412109375,237,2343,-1.7709455599809196,0
374,0.452039794921875,228,2327,-1.831805505736428,0
375,0.44429931640625,230,2318,-1.3874876816836998,0
376,0.444486083984375,226,2313,-1.5194597842394684,0
377,0.44803466796875,226,2311,-1.6127582184284268,0
378,0.444755859375,223,2321,-2.3985132668336906,0
379,0.44645751953125,226,2327,-2.3829686262478544,0
380,0.452745361328125,227,2343,-2.390744537433882,0
381,0.446519775390625,242,2352,-2.152389162939633,0
382,0.445980224609375,231,2373,-1.9740838724850125,0
383,0.451085205078125,239,2388,-1.8288517123099783,0
384,0.446436767578125,234,2403,-1.611426846073643,0
385,0.442099609375,237,2414,-1.4970021039714752,0
386,0.444921875,238,2432,-1.341688285317626,0
387,0.441663818359375,239,2435,-1.1753676352403506,0
388,0.438758544921875,241,2451,-1.058036758214417,0
389,0.44313720703125,233,2463,-0.9747602140075342,0
390,0.44313720703125,235,2457,-0.946329681864265,0
391,0.441331787109375,234,2455,-0.9893929524046907,0
392,0.4409375,234,2447,-1.0819999763688148,0
393,0.444901123046875,239,2425,-1.2340523558214649,0
394,0.44072998046875,236,2417,-1.3666100626007616,0
395,0.443863525390625,239,2408,-1.4994963119790672,0
396,0.450379638671875,235,2393,-1.645319718895653,0
397,0.443739013671875,237,2385,-1.7758581347212274,0
398,0.44272216796875,239,2379,-1.9008814839431807,0
399,0.4501513671875,229,2371,-2.013905014832326,0
400,0.443946533203125,227,2365,-2.1462849977825815,0
401,0.441788330078125,229,2365,-2.066857646272336,0
402,0.44654052734375,229,2366,-2.3119501543534744,0
403,0.446353759765625,225,2374,-2.3281371597213374,0
404,0.442410888671875,230,2380,-1.5143688354340537,0
405,0.44620849609375,241,2389,-2.2666684478549843,0
406,0.44803466796875,238,2397,-2.1711123018631318,0
407,0.443988037109375,239,2413,-2.0844946426711486,0
408,0.44562744140625,231,2431,-1.9412616957160118,0
409,0.450296630859375,242,2441,-1.8177613817897758,0
410,0.44463134765625,235,2457,-1.6817468708333667,0
411,0.44205810546875,233,2472,-1.5694483129538614,0
412,0.443406982421875,239,2475,-1.4579421455168955,0
413,0.440501708984375,237,2488,-1.3855698173342335,0
414,0.438634033203125,237,2501,-1.3280087622701746,0
415,0.440211181640625,234,2507,-1.233066603414219,0
416,0.438675537109375,245,2504,-1.2832831829615277,0
417,0.43790771484375,238,2506,-1.085127297909347,0
418,0.44122802734375,235,2510,-1.05050203036806,0
419,0.44106201171875,241,2501,-1.2237274534756883,0
420,0.43882080078125,235,2491,-1.1350352632212521,0
421,0.441829833984375,239,2485,-1.3521718006049106,0
422,0.4406884765625,233,2473,-1.3500009252888407,0
423,0.439713134765625,234,2462,-1.460295425555624,0
424,0.443697509765625,235,2450,-1.5694802295572785,0
425,0.44969482421875,237,2439,-1.6958296530752355,0
426,0.44371826171875,235,2433,-1.8109254776066859,0
427,0.445523681640625,231,2425,-1.9234072261848905,0
428,0.449404296875,230,2418,-2.0615919999384076,0
429,0.44205810546875,230,2415,-2.0690489867878563,0
430,0.44172607421875,228,2417,-1.4850060340357025,0
431,0.4458349609375,229,2421,-1.5103625016159192,0
432,0.445233154296875,230,2431,-1.4733397039445908,0
433,0.442120361328125,233,2443,-2.1999758471956703,0
434,0.44811767578125,238,2450,-2.090096064442042,0
435,0.44811767578125,238,2469,-1.9725699785608555,0
436,0.44239013671875,237,2482,-1.8053762714936683,0
437,0.447059326171875,235,2495,-1.6678486747839685,0
438,0.444091796875,237,2507,-1.5223331992729268,0
439,0.439007568359375,235,2527,-1.3650355724598295,0
440,0.44048095703125,233,2537,-1.2016440964302593,0
441,0.443323974609375,237,2545,-1.070801786883111,0
442,0.4372021484375,235,2549,-1.007705254960209,0
443,0.43828125,234,2549,-1.0272168830054245,0
444,0.441622314453125,234,2543,-1.1028538660355585,0
445,0.43823974609375,237,2533,-1.2172348504906942,0
446,0.438592529296875,234,2522,-1.348246047350412,0
447,0.4458349609375,238,2509,-1.5218532061834118,0
448,0.44421630859375,232,2501,-1.663253126486178,0
449,0.44139404296875,237,2487,-1.7595686505685446,0
450,0.44662353515625,230,2483,-1.8684709696867507,0
451,0.44488037109375,238,2473,-1.9629037673408174,0
452,0.43840576171875,231,2470,-1.9495075883597401,0
453,0.4429296875,231,2466,-2.1229341220868996,0
454,0.445751953125,229,2470,-2.0884042883219625,0
455,0.440543212890625,231,2474,-2.006540392970244,0
456,0.44463134765625,233,2481,-2.0256769992259853,0
457,0.449134521484375,232,2494,-1.8869400710456983,0
458,0.44338623046875,240,2502,-1.7774362697290886,0
459,0.443199462890625,234,2515,-1.6361944414017264,0
460,0.44429931640625,239,2528,-1.4817289809679304,0
461,0.438966064453125,238,2540,-1.3392005668467117,0
462,0.437098388671875,237,2551,-1.1860917827909603,0
463,0.44031494140625,234,2558,-1.2435100581896243,0
464,0.43799072265625,239,2556,-1.2216869848455936,0
465,0.436600341796875,239,2556,-0.9699218746905878,0
466,0.441497802734375,236,2560,-0.9050301593142152,0
467,0.442950439453125,234,2549,-0.8931177148842799,0
468,0.439215087890625,237,2548,-0.9185974000006087,0
469,0.442618408203125,238,2537,-1.0098026514286325,0
470,0.4446728515625,235,2518,-1.1638850336814972,0
471,0.438343505859375,235,2506,-1.3490587906963203,0
472,0.4403564453125,239,2496,-1.4992826209055323,0
473,0.4440087890625,238,2485,-1.5474790242549332,0
474,0.441746826171875,237,2478,-1.669672693201088,0
475,0.44313720703125,232,2473,-1.8076673149675546,0
476,0.449072265625,237,2460,-1.916948825792252,0
477,0.443365478515625,234,2451,-2.0065789526388578,0
478,0.440916748046875,232,2448,-2.0866827095024476,0
479,0.446270751953125,231,2448,-2.153146004987396,0
480,0.4429296875,228,2455,-2.0556073797374115,0
481,0.4408544921875,239,2454,-2.15691265223298,0
482,0.448470458984375,230,2475,-2.060028945784934,0
483,0.449093017578125,242,2485,-1.9693268204217347,0
484,0.443323974609375,235,2502,-1.8200013982495378,0
485,0.44745361328125,238,2516,-1.700102470833274,0
486,0.444776611328125,236,2526,-1.539084158067789,0
487,0.438177490234375,239,2537,-1.443453193238283,0
488,0.438592529296875,240,2545,-1.227249873094964,0
489,0.440709228515625,242,2556,-1.2931489892838464,0
490,0.4362060546875,239,2561,-1.058381953281283,0
491,0.43649658203125,239,2570,-1.0313202290488235,0
492,0.442078857421875,237,2566,-1.0205385035645893,0
493,0.439007568359375,245,2550,-1.082756730673129,0
494,0.43799072265625,247,2541,-1.210463557674558,0
495,0.44205810546875,238,2536,-1.418886592362881,0
496,0.441082763671875,238,2521,-1.4590031842653826,0
497,0.440543212890625,236,2511,-1.561039738979126,0
498,0.44629150390625,239,2500,-1.6917905640907804,0
499,0.44546142578125,238,2500,-1.2535313328477615,0
500,0.441082763671875,234,2487,-1.9410373721556748,0
501,0.445233154296875,229,2484,-2.0330838843005488,0
502,0.443697509765625,228,2480,-2.09817432685146,0
503,0.44039794921875,234,2478,-2.172197515617274,0
504,0.442078857421875,233,2483,-2.1625943102350282,0
505,0.448408203125,237,2485,-2.0937295688304527,0
506,0.4430126953125,237,2506,-1.9735548032244132,0
507,0.44604248046875,233,2521,-1.8239410738532325,0
508,0.449072265625,239,2537,-1.6535450795173539,0
509,0.4395263671875,237,2547,-1.5193543199564905,0
510,0.438468017578125,236,2560,-1.3429505392001264,0
511,0.440003662109375,237,2572,-1.1794332288064542,0
512,0.437762451171875,238,2578,-1.0761143317045585,0
513,0.436143798828125,233,2586,-1.0159597206343518,0
514,0.439505615234375,237,2582,-0.9882235505371622,0
515,0.4418505859375,238,2572,-1.053131318108738,0
516,0.43691162109375,246,2553,-1.1282699815494368,0
517,0.439007568359375,235,2554,-1.2235016635204783,0
518,0.441041259765625,241,2536,-1.3409974465347645,0
519,0.438841552734375,238,2528,-1.505097788421752,0
520,0.44172607421875,239,2523,-1.5651884997392127,0
521,0.445648193359375,239,2510,-1.6543190697560526,0
522,0.441248779296875,232,2507,-1.812644396606931,0
523,0.442037353515625,234,2499,-1.9424885957574762,0
524,0.448636474609375,231,2493,-2.0323838365238966,0
525,0.441082763671875,234,2493,-2.1237359591049394,0
526,0.4406884765625,237,2490,-2.164498052705394,0
527,0.44562744140625,228,2504,-2.0873279108405516,0
528,0.44525390625,238,2515,-2.046235819068972,0
529,0.441103515625,230,2529,-1.9289564582212702,0
530,0.448927001953125,236,2538,-1.738980834054705,0
531,0.444610595703125,239,2545,-1.683145410719427,0
532,0.439111328125,236,2563,-1.5262316481628577,0
533,0.439588623046875,238,2567,-1.4747895866854908,0
534,0.4391943359375,238,2583,-1.2938610354264757,0
535,0.434857177734375,239,2585,-1.2108720699389002,0
536,0.436641845703125,247,2590,-1.1620305735923946,0
537,0.43823974609375,236,2599,-1.0971914045975346,0
538,0.43595703125,233,2601,-1.0874688215367074,0
539,0.436434326171875,237,2596,-1.08199892919726,0
540,0.4388623046875,233,2593,-1.088462792734349,0
541,0.437388916015625,245,2577,-1.1210285738955053,0
542,0.43794921875,243,2562,-1.2034408164092794,0
543,0.442078857421875,241,2557,-1.3493751902242979,0
544,0.442203369140625,238,2545,-1.4886798292196364,0
545,0.44205810546875,239,2529,-1.6171649900293463,0
546,0.4469970703125,231,2521,-1.7868994869944288,0
547,0.445938720703125,237,2503,-1.9435404050806557,0
548,0.437513427734375,240,2496,-2.0741604725342864,0
549,0.443656005859375,231,2493,-2.178421998192146,0
550,0.4430126953125,231,2493,-2.2472448738066353,0
551,0.440916748046875,238,2494,-2.2776268966876767,0
552,0.4426806640625,230,2508,-2.231545996895325,0
553,0.446934814453125,232,2520,-1.9607429595574084,0
554,0.44126953125,231,2533,-1.924378180032102,0
555,0.445482177734375,239,2540,-1.9365876720244266,0
556,0.448760986328125,237,2556,-1.7213915429267246,0
557,0.442452392578125,237,2566,-1.619581485134443,0
558,0.437098388671875,239,2575,-1.5218205237179259,0
559,0.44023193359375,241,2579,-1.4213487966601281,0
560,0.436890869140625,243,2591,-1.3055560853551356,0
561,0.43433837890625,245,2588,-1.2218532395466442,0
562,0.436807861328125,238,2600,-1.177955678124297,0
563,0.437181396484375,237,2599,-1.171433565859612,0
564,0.43508544921875,238,2591,-1.3695192286160296,0
565,0.438551025390625,238,2584,-1.4513442951753976,0
566,0.4411865234375,238,2573,-1.5007375120490964,0
567,0.44197509765625,237,2562,-1.6103034853218867,0
568,0.444091796875,236,2552,-1.6969544667852237,0
569,0.4482421875,231,2546,-1.9035708653618624,0
570,0.438675537109375,235,2534,-2.015481723316933,0
571,0.439547119140625,231,2529,-2.12145223570133,0
572,0.446416015625,231,2529,-2.0949736777296204,0
573,0.440169677734375,228,2533,-2.2819851413879535,0
574,0.44060546875,228,2539,-2.30295068576626,0
575,0.447266845703125,230,2548,-2.1195716721382274,0
576,0.441456298828125,232,2562,-2.0183651662827717,0
577,0.4403564453125,233,2577,-1.9739782471663867,0
578,0.44695556640625,239,2590,-1.7018422750339077,0
579,0.444859619140625,242,2598,-1.6520853075049802,0
580,0.437119140625,240,2613,-1.5101876467942663,0
581,0.43848876953125,240,2629,-1.3430842143436301,0
582,0.43815673828125,242,2633,-1.2103218499156432,0
583,0.435106201171875,239,2646,-1.1267930600970786,0
584,0.4358740234375,239,2650,-1.0359396222895567,0
585,0.446748046875,234,2564,-1.844987099611041,0
586,0.442203369140625,236,2555,-2.205285038125976,0
587,0.44263916015625,231,2568,-2.1875887975651906,0
588,0.43699462890625,238,2577,-2.120356853312275,0
589,0.441414794921875,240,2591,-1.9832890457209071,0
590,0.451583251953125,239,2602,-1.8247607937451278,0
591,0.438218994140625,240,2622,-1.660140818864682,0
592,0.437679443359375,238,2632,-1.5093489627501544,0
593,0.43965087890625,242,2637,-1.3696028030976652,0
594,0.4362060546875,240,2653,-1.2781818958556688,0
595,0.434566650390625,241,2661,-1.19772142181289,0
596,0.438779296875,246,2664,-1.1418551688547538,0
597,0.434608154296875,243,2664,-1.0876656578408879,0
598,0.434068603515625,237,2672,-1.023266541531747,0
599,0.438468017578125,236,2671,-0.9594449529187141,0
600,0.437222900390625,237,2668,-0.9318608163522608,0
601,0.435023193359375,240,2653,-0.9777155364903773,0
602,0.438218994140625,237,2654,-1.07795993471695,0
603,0.43873779296875,235,2642,-1.2236394743217707,0
604,0.438052978515625,241,2618,-1.420508585753181,0
605,0.4455859375,243,2601,-1.6334341081011807,0
606,0.450089111328125,233,2586,-1.701681286226223,0
607,0.4360400390625,241,2578,-1.9724317578262323,0
608,0.43815673828125,242,2571,-1.5319397359564384,0
609,0.4430126953125,234,2577,-2.104385894823288,0
610,0.43666259765625,236,2580,-2.025069238004514,0
611,0.43956787109375,235,2590,-2.0878489415122523,0
612,0.448677978515625,244,2593,-2.0011014287045574,0
613,0.44205810546875,241,2608,-1.8899752579638847,0
614,0.437222900390625,240,2620,-1.798739480117467,0
615,0.44753662109375,240,2636,-1.6903640216380147,0
616,0.439775390625,236,2647,-1.570513352260324,0
617,0.435147705078125,242,2651,-1.4600003992683632,0
618,0.43865478515625,244,2668,-1.363140855914689,0
619,0.43633056640625,238,2676,-1.2274981420725455,0
620,0.43267822265625,235,2677,-1.1519396053559188,0
621,0.436558837890625,238,2682,-1.1384107200109064,0
622,0.43740966796875,246,2670,-1.1612969781431763,0
623,0.433321533203125,244,2662,-1.211552634578501,0
624,0.436787109375,240,2664,-1.3212362236551964,0
625,0.44031494140625,238,2650,-1.4375373467172032,0
626,0.435853271484375,238,2638,-1.5618458827544615,0
627,0.440211181640625,241,2626,-1.6893374922769313,0
628,0.450338134765625,239,2617,-1.8148691881985641,0
629,0.43815673828125,242,2604,-1.9357990876357833,0
630,0.43728515625,242,2601,-2.031261008677812,0
631,0.4450048828125,235,2600,-2.0017344354722155,0
632,0.43832275390625,239,2600,-2.1301741523191993,0
633,0.434981689453125,236,2608,-2.130562112762938,0
634,0.445357666015625,239,2610,-2.0822921923189472,0
635,0.441165771484375,247,2621,-1.9859055553529341,0
636,0.437222900390625,239,2635,-1.8741384709535378,0
637,0.443033447265625,240,2646,-1.734758363599333,0
638,0.444361572265625,238,2658,-1.608525543789633,0
639,0.435604248046875,239,2669,-1.479024126254064,0
640,0.43541748046875,243,2682,-1.3714534062963821,0
641,0.43728515625,235,2692,-1.2618046882652472,0
642,0.43159912109375,237,2698,-1.2209157861108313,0
643,0.433363037109375,239,2699,-1.20224105593607,0
644,0.435230712890625,247,2697,-1.19231545070439,0
645,0.432947998046875,237,2699,-1.216554189059143,0
646,0.4330517578125,239,2696,-1.260782111879486,0
647,0.43732666015625,239,2687,-1.3591578650544367,0
648,0.435147705078125,241,2683,-1.4536315517899858,0
649,0.434691162109375,243,2673,-1.56319105264952,0
650,0.44359375,238,2671,-1.6300520261043951,0
651,0.44014892578125,239,2662,-1.7133948453531174,0
652,0.433446044921875,239,2659,-1.8104698813141056,0
653,0.4403564453125,240,2655,-1.9050516064948804,0
654,0.440211181640625,240,2657,-1.9556356306870546,0
655,0.4322216796875,241,2661,-1.9571260194210947,0
656,0.441580810546875,237,2664,-1.898904120376363,0
657,0.444755859375,241,2665,-1.8405255393210407,0
658,0.4340478515625,243,2675,-1.7632213334289126,0
659,0.43591552734375,238,2687,-1.6626236998664226,0
660,0.439173583984375,238,2699,-1.5385386989412435,0
661,0.433736572265625,243,2705,-1.4154190826743456,0
662,0.435458984375,237,2716,-1.3078537419071958,0
663,0.439630126953125,237,2723,-1.1929892373328617,0
664,0.434981689453125,240,2723,-1.0908322429113166,0
665,0.434027099609375,237,2729,-1.0209161194324174,0
666,0.43848876953125,241,2726,-0.9778906836651817,0
667,0.43599853515625,243,2722,-0.9684339387482517,0
668,0.434068603515625,246,2712,-1.0734655623055671,0
669,0.43649658203125,237,2705,-1.1978884971912773,0
670,0.438841552734375,238,2690,-1.3503522318290928,0
671,0.43558349609375,240,2675,-1.4863161690070896,0
672,0.442078857421875,235,2671,-1.6168357094527481,0
673,0.4433447265625,239,2659,-1.7180446899226167,0
674,0.4348779296875,243,2648,-1.8260683714127381,0
675,0.438094482421875,238,2646,-1.7428623628532822,0
676,0.446312255859375,242,2634,-1.9619366781723118,0
677,0.434359130859375,238,2638,-1.999297469173639,0
678,0.434566650390625,242,2639,-1.9979889007431204,0
679,0.44612548828125,242,2645,-1.9859025196413391,0
680,0.435521240234375,234,2659,-1.9229493712335568,0
681,0.4411865234375,242,2662,-1.824340921989,0
682,0.4451708984375,237,2680,-1.6762137404735187,0
683,0.437347412109375,240,2688,-1.551305992623897,0
684,0.434400634765625,243,2697,-1.425725251999963,0
685,0.43807373046875,237,2712,-1.2983541469177737,0
686,0.43749267578125,240,2718,-1.1952514202784812,0
687,0.43425537109375,242,2721,-1.1329786322487845,0
688,0.4378662109375,247,2724,-1.074353992419919,0
689,0.43823974609375,235,2722,-1.0641204330291618,0
690,0.434898681640625,243,2714,-1.134558876801071,0
691,0.436475830078125,235,2708,-1.221300780902304,0
692,0.43882080078125,236,2698,-1.325707148995071,0
693,0.43458740234375,236,2689,-1.4574656436631326,0
694,0.437139892578125,240,2676,-1.5353018353031533,0
695,0.447432861328125,243,2661,-1.6456153517704593,0
696,0.436641845703125,243,2654,-1.7544855437488405,0
697,0.43591552734375,238,2648,-1.8610947413663146,0
698,0.44770263671875,242,2637,-1.9478709539358192,0
699,0.4358740234375,241,2638,-2.025936911301497,0
700,0.433944091796875,234,2641,-2.0546463393952896,0
701,0.44346923828125,237,2641,-2.0816939810271498,0
702,0.436807861328125,246,2646,-2.0404811520790505,0
703,0.433985595703125,237,2657,-1.9707438828653991,0
704,0.445482177734375,241,2666,-1.8862895794588503,0
705,0.443489990234375,241,2684,-1.7367531177164093,0
706,0.43396484375,241,2690,-1.6442799399849282,0
707,0.435625,244,2697,-1.517907473852853,0
708,0.43882080078125,243,2710,-1.4353209175718815,0
709,0.43516845703125,237,2721,-1.3293566074064547,0
710,0.43550048828125,240,2727,-1.2336660820422676,0
711,0.440128173828125,244,2723,-1.1656726859926287,0
712,0.4345458984375,237,2730,-1.1157425878672829,0
713,0.435147705078125,247,2714,-1.1318440777287915,0
714,0.4393603515625,236,2716,-1.1883121127267966,0
715,0.435458984375,236,2710,-1.2746471797767125,0
716,0.4357080078125,241,2695,-1.3952668672409168,0
717,0.440335693359375,239,2684,-1.5207422460613635,0
718,0.441248779296875,238,2671,-1.6440367991281581,0
719,0.43574951171875,239,2662,-1.664717391984957,0
720,0.443074951171875,240,2653,-1.8748479526563804,0
721,0.44106201171875,240,2646,-1.9623959686178178,0
722,0.433134765625,244,2638,-2.0506626982937615,0
723,0.435728759765625,238,2644,-2.0990654335838332,0
724,0.440771484375,237,2653,-2.1115747778512928,0
725,0.434317626953125,241,2651,-2.0770403950773275,0
726,0.439796142578125,239,2668,-2.0004858610022254,0
727,0.44612548828125,239,2682,-1.781040989206721,0
728,0.434649658203125,240,2691,-1.7578927939146531,0
729,0.43657958984375,236,2707,-1.6465149921932296,0
730,0.442493896484375,240,2717,-1.508395438374854,0
731,0.437098388671875,243,2727,-1.3844591565365896,0
732,0.435791015625,236,2738,-1.290307483152846,0
733,0.438447265625,238,2746,-1.174077589834754,0
734,0.435791015625,246,2743,-1.116582829133332,0
735,0.43462890625,238,2750,-1.1248403597495624,0
736,0.43915283203125,236,2737,-1.1006761071664375,0
737,0.440501708984375,239,2731,-1.1687522021113708,0
738,0.434608154296875,238,2722,-1.2653886526218203,0
739,0.437388916015625,244,2709,-1.3910605396633056,0
740,0.43927734375,240,2697,-1.5124821813529934,0
741,0.434608154296875,237,2689,-1.6277642123993061,0
742,0.43707763671875,241,2680,-1.7391291941528557,0
743,0.4476611328125,243,2667,-1.8503855861392164,0
744,0.435604248046875,241,2661,-1.9616963048848692,0
745,0.433612060546875,239,2656,-2.0668190712803955,0
746,0.440211181640625,233,2658,-2.1148277044567685,0
747,0.43425537109375,233,2661,-2.1762506238945285,0
748,0.434483642578125,241,2660,-2.1699728339083295,0
749,0.4400244140625,238,2679,-2.1074289404820936,0
750,0.43462890625,238,2692,-2.016651559821126,0
751,0.43367431640625,240,2700,-1.9087689042320433,0
752,0.444320068359375,240,2713,-1.759126358425183,0
753,0.442784423828125,241,2726,-1.5791843229953386,0
754,0.434317626953125,243,2742,-1.4800903062638842,0
755,0.43782470703125,240,2752,-1.354955164141069,0
756,0.437969970703125,242,2767,-1.3074801910562375,0
757,0.435189208984375,235,2776,-1.084715605711395,0
758,0.4375341796875,239,2777,-1.0156429795631867,0
759,0.440501708984375,240,2776,-0.9965354274413496,0
760,0.437139892578125,237,2778,-0.9524638104528984,0
761,0.438218994140625,238,2771,-0.9554360221410914,0
762,0.439007568359375,236,2769,-1.0104358680383925,0
763,0.437056884765625,233,2765,-1.0917886988519587,0
764,0.436351318359375,248,2737,-1.2020768914277173,0
765,0.43906982421875,239,2742,-1.322510125883742,0
766,0.4375341796875,243,2730,-1.4308086233299449,0
767,0.435230712890625,243,2713,-1.513735269864565,0
768,0.4418505859375,236,2707,-1.6247524556633985,0
769,0.4400244140625,241,2695,-1.765222875851224,0
770,0.43159912109375,240,2683,-1.8852879226435046,0
771,0.436766357421875,237,2678,-1.9793927332198997,0
772,0.4396923828125,233,2676,-2.0538591735411753,0
773,0.432408447265625,241,2669,-2.1072813995747577,0
774,0.43475341796875,249,2673,-2.081697019608785,0
775,0.442161865234375,238,2684,-2.0202659160019527,0
776,0.43276123046875,241,2693,-1.9288598140653601,0
777,0.436890869140625,235,2706,-1.801398096416543,0
778,0.446436767578125,238,2722,-1.6519998463709706,0
779,0.43707763671875,240,2730,-1.5444354750834108,0
780,0.434774169921875,243,2734,-1.4077294501753812,0
781,0.439609375,236,2750,-1.2808045605525153,0
782,0.437471923828125,236,2759,-1.199656812032826,0
783,0.435023193359375,247,2759,-1.2558888361026792,0
784,0.438717041015625,242,2763,-1.047657967893672,0
785,0.43857177734375,234,2770,-1.009976983585382,0
786,0.4355419921875,238,2765,-0.9913428209829753,0
787,0.438675537109375,243,2753,-0.9871612371307101,0
788,0.440916748046875,238,2741,-1.0690585031044701,0
789,0.4375341796875,234,2737,-1.1966154564324114,0
790,0.439339599609375,240,2719,-1.3623936649645687,0
791,0.438841552734375,238,2707,-1.4720526481200924,0
792,0.434400634765625,238,2698,-1.5697577921150803,0
793,0.4358740234375,238,2689,-1.63983431274705,0
794,0.44562744140625,241,2675,-1.713360379905069,0
795,0.43923583984375,240,2673,-1.8056635370257936,0
796,0.43433837890625,241,2662,-1.8956333512689074,0
797,0.443739013671875,239,2663,-1.9730393063479985,0
798,0.439671630859375,234,2664,-2.012695760119513,0
799,0.4330517578125,246,2663,-2.0583430834623186,0
800,0.44006591796875,237,2668,-2.047415842106317,0
801,0.4401904296875,240,2677,-1.9737855685611967,0
802,0.4323046875,241,2682,-1.8785648806829087,0
803,0.438841552734375,238,2697,-1.7708838730451664,0
804,0.44288818359375,241,2708,-1.6349105485349735,0
805,0.43624755859375,243,2716,-1.5181118356405694,0
806,0.43566650390625,241,2732,-1.3862172325459987,0
807,0.43989990234375,238,2743,-1.2950335073197197,0
808,0.43392333984375,248,2743,-1.24018107879572,0
809,0.4342138671875,244,2747,-1.189521436582499,0
810,0.4377001953125,249,2747,-1.1742234470837323,0
811,0.434068603515625,242,2746,-1.1931043580150629,0
812,0.43263671875,237,2752,-1.2451571827142853,0
813,0.4368701171875,240,2743,-1.3253822679556233,0
814,0.435272216796875,243,2731,-1.441439119348832,0
815,0.4323876953125,239,2731,-1.5497694960394544,0
816,0.439630126953125,242,2720,-1.6233192542670265,0
817,0.4418505859375,240,2718,-1.6816196608958132,0
818,0.4303955078125,243,2712,-1.9512917130058707,0
819,0.432491455078125,240,2709,-2.073836184505903,0
820,0.435126953125,232,2716,-2.04604221785962,0
821,0.42998046875,240,2716,-2.2271999810503713,0
822,0.433134765625,241,2719,-2.235435924469689,0
823,0.4367041015625,238,2731,-2.1978680466653904,0
824,0.4340478515625,242,2738,-2.1296634425262324,0
825,0.434442138671875,239,2756,-1.8509616477148327,0
826,0.443427734375,240,2769,-1.8296877754036887,0
827,0.441082763671875,242,2783,-1.6701833809163453,0
828,0.436683349609375,238,2795,-1.5766214273571357,0
829,0.439256591796875,242,2804,-1.4130840255987183,0
830,0.43898681640625,241,2822,-1.3729821413117698,0
831,0.4322216796875,244,2824,-1.1558264851630469,0
832,0.436973876953125,240,2839,-1.0728504833430943,0
833,0.43815673828125,248,2834,-1.0522569252553158,0
834,0.435770263671875,238,2838,-1.030336350842016,0
835,0.4376171875,240,2827,-1.0579307746576365,0
836,0.440335693359375,250,2806,-1.1811184903856384,0
837,0.4363720703125,242,2797,-1.2818745377961918,0
838,0.435977783203125,242,2784,-1.4236362957859363,0
839,0.44222412109375,236,2774,-1.515036710684753,0
840,0.437637939453125,241,2766,-1.6218553303291774,0
841,0.435770263671875,237,2757,-1.7291311185318676,0
842,0.441663818359375,240,2746,-1.8497274153775898,0
843,0.43475341796875,239,2740,-1.9752499046677707,0
844,0.431744384765625,242,2731,-2.070670294778523,0
845,0.435853271484375,242,2729,-2.1136244710206444,0
846,0.435645751953125,241,2734,-2.125473827481832,0
847,0.430540771484375,242,2743,-2.1161366770681944,0
848,0.43624755859375,245,2747,-2.036856836415967,0
849,0.440833740234375,242,2764,-1.9137311674272768,0
850,0.434857177734375,239,2780,-1.79538735566822,0
851,0.437056884765625,237,2793,-1.649970190377669,0
852,0.44081298828125,237,2805,-1.5125846867682728,0
853,0.436019287109375,234,2821,-1.3915211508934577,0
854,0.434691162109375,237,2826,-1.3515263058822224,0
855,0.43662109375,239,2831,-1.2701505788899716,0
856,0.434794921875,248,2831,-1.0739339810007538,0
857,0.43375732421875,239,2838,-1.0484754406510337,0
858,0.43840576171875,238,2832,-1.0541048845784475,0
859,0.43757568359375,249,2809,-1.1546049888748158,0
860,0.43433837890625,248,2807,-1.2673431051933175,0
861,0.438177490234375,235,2802,-1.384223609330613,0
862,0.441165771484375,238,2788,-1.5181419241695853,0
863,0.434732666015625,244,2771,-1.6078819287300785,0
864,0.437513427734375,240,2770,-1.702543379195106,0
865,0.440958251953125,237,2763,-1.812057244481239,0
866,0.4313916015625,235,2756,-1.9165128058156373,0
867,0.431453857421875,240,2749,-2.0046234022479634,0
868,0.43641357421875,240,2746,-2.077949734101491,0
869,0.430499267578125,242,2746,-2.0873348144552235,0
870,0.43176513671875,235,2755,-2.049545605765349,0
871,0.43832275390625,238,2764,-1.9736700814259898,0
872,0.438011474609375,240,2774,-1.8964063362643486,0
873,0.4342138671875,237,2788,-1.7800030732724856,0
874,0.440439453125,241,2803,-1.6272943733416287,0
875,0.439007568359375,241,2809,-1.5258692518941022,0
876,0.433778076171875,244,2815,-1.405050341640564,0
877,0.435189208984375,244,2822,-1.2875769633206895,0
878,0.435106201171875,238,2838,-1.270445646688744,0
879,0.431329345703125,241,2827,-1.1233437309866297,0
880,0.435023193359375,251,2831,-1.121462190555591,0
881,0.436351318359375,237,2829,-1.260626594586859,0
882,0.43529296875,237,2820,-1.3192642144643774,0
883,0.43732666015625,241,2803,-1.4212973311676036,0
884,0.44060546875,244,2789,-1.447188113069453,0
885,0.438011474609375,244,2782,-1.5743708096744395,0
886,0.43525146484375,240,2775,-1.6976081996837094,0
887,0.4416845703125,242,2766,-1.8194759692789635,0
888,0.434110107421875,245,2757,-1.4464206484485906,0
889,0.43027099609375,242,2747,-2.0533979451436757,0
890,0.4370361328125,242,2742,-2.1513066645582324,0
891,0.433238525390625,239,2752,-2.2173426561225096,0
892,0.430582275390625,240,2757,-2.2021788340331714,0
893,0.436226806640625,242,2760,-2.1116293741178698,0
894,0.441248779296875,247,2777,-1.9916861906103627,0
895,0.43408935546875,243,2786,-1.8421394876389003,0
896,0.439775390625,241,2803,-1.6866898722019865,0
897,0.4405224609375,238,2818,-1.567876931812675,0
898,0.4350439453125,244,2819,-1.446333247814061,0
899,0.434608154296875,242,2835,-1.3402535031753704,0
900,0.43616455078125,239,2847,-1.3011873381836159,0
901,0.432989501953125,245,2843,-1.176760254871045,0
902,0.431640625,250,2845,-1.1557518926459842,0
903,0.435770263671875,239,2850,-1.692107565905836,0
904,0.435230712890625,250,2831,-1.224487146546612,0
905,0.4338818359375,244,2822,-1.4038178694412746,0
906,0.43740966796875,235,2821,-1.3986333917448697,0
907,0.43915283203125,238,2803,-1.4943188963402445,0
908,0.43508544921875,242,2796,-1.6133572945867263,0
909,0.438779296875,245,2781,-1.744033961178677,0
910,0.44031494140625,237,2777,-1.8737459613080407,0
911,0.43234619140625,242,2770,-1.9696423402359455,0
912,0.43242919921875,238,2761,-2.061874308753719,0
913,0.436558837890625,242,2753,-2.116902163931508,0
914,0.43267822265625,245,2753,-2.1643789379296887,0
915,0.432325439453125,237,2763,-2.1473641917027653,0
916,0.43774169921875,248,2766,-2.086189151515139,0
917,0.436268310546875,245,2775,-2.0049218839954737,0
918,0.4345458984375,242,2788,-1.7402427224223045,0
919,0.4393603515625,240,2799,-1.737959418441001,0
920,0.4396923828125,236,2813,-1.5988025403886166,0
921,0.4348779296875,241,2816,-1.5635956288562545,0
922,0.436973876953125,245,2825,-1.4474740044826477,0
923,0.436060791015625,244,2838,-1.337928826495121,0
924,0.432200927734375,243,2842,-1.2714070841447622,0
925,0.43367431640625,238,2853,-1.3018400206887746,0
926,0.435562744140625,242,2843,-1.232671962759147,0
927,0.435126953125,244,2845,-1.2730618694739828,0
928,0.43467041015625,242,2833,-1.3248664775609296,0
929,0.4378662109375,247,2822,-1.4668109170412755,0
930,0.4376171875,240,2811,-1.563765865663898,0
931,0.43491943359375,243,2805,-1.6999735112651697,0
932,0.43940185546875,234,2799,-1.8222700231653555,0
933,0.4358740234375,237,2787,-1.9295394935882113,0
934,0.43296875,244,2774,-1.5070810244837922,0
935,0.4362060546875,233,2777,-2.037020755444349,0
936,0.435562744140625,243,2768,-2.1963831050042986,0
937,0.43143310546875,240,2778,-2.2000759067146483,0
938,0.435791015625,237,2784,-2.1292362941712177,0
939,0.43790771484375,239,2795,-2.0235532322960177,0
940,0.435604248046875,242,2809,-1.7568498289379342,0
941,0.43624755859375,243,2817,-1.7253045077342648,0
942,0.441829833984375,235,2839,-1.6033267166356016,0
943,0.43508544921875,241,2842,-1.47286586751461,0
944,0.43408935546875,248,2848,-1.3973574352583515,0
945,0.43666259765625,248,2857,-1.4191901870839114,0
946,0.4332177734375,242,2860,-1.2932801518617865,0
947,0.43242919921875,238,2866,-1.318426539862811,0
948,0.435106201171875,243,2862,-1.2936116652841836,0
949,0.434649658203125,241,2857,-1.4138347388188617,0
950,0.4338818359375,242,2849,-1.4495558154048922,0
951,0.438883056640625,240,2841,-1.5763796198943663,0
952,0.43707763671875,245,2831,-1.7234876380782431,0
953,0.431038818359375,241,2825,-1.7410579114087223,0
954,0.433653564453125,232,2827,-1.932037852587655,0
955,0.43500244140625,nan,nan,nan,0
956,0.430457763671875,240,2815,-2.2611401761607066,0
957,0.43193115234375,244,2821,-2.296310609918203,0
958,0.4363720703125,234,2834,-1.5226820346584269,0
959,0.434193115234375,234,2847,-1.6583457980470708,0
960,0.4350439453125,243,2857,-1.4825970182970023,0
961,0.438260498046875,235,2880,-1.6552712539124883,0
962,0.439339599609375,235,2889,-1.7152883019983456,0
963,0.43574951171875,246,2899,-1.7907454985701712,0
964,0.441912841796875,239,2916,-1.6004377135154275,0
965,0.441539306640625,241,2923,-1.5550845046285104,0
966,0.436973876953125,250,2931,-1.4492252765377058,0
967,0.438509521484375,246,2940,-1.3535515164579115,0
968,0.4376171875,236,2959,-1.3107548789627392,0
969,0.433280029296875,252,2949,-0.21658349092269358,0
970,0.435791015625,nan,nan,nan,0
971,0.436849365234375,238,2959,-1.2000679942453045,0
972,0.43475341796875,246,2938,-1.2280803582916189,0
973,0.43649658203125,241,2938,-1.8177752375071243,0
974,0.441165771484375,248,2918,-1.435258966729224,0
975,0.440086669921875,242,2910,-1.555236683790226,0
976,0.4377001953125,238,2902,-1.6777769876615602,0
977,0.44172607421875,237,2895,-1.7466419321093012,0
978,0.437305908203125,238,2883,-1.8341584498240948,0
979,0.431744384765625,241,2873,-1.4303671723856795,0
980,0.434774169921875,246,2863,-2.179464991644597,0
981,0.4340478515625,244,2858,-2.2793961317544733,0
982,0.431827392578125,247,2867,-2.311263984009937,0
983,0.436475830078125,245,2867,-2.3041300858873406,0
984,0.438551025390625,nan,nan,nan,0
985,0.434857177734375,242,2900,-2.1299979327661305,0
986,0.438094482421875,235,2918,-1.5712861643701146,0
987,0.4421826171875,244,2924,-1.814969868128692,0
988,0.43732666015625,238,2944,-1.6128189185687347,0
989,0.441871337890625,242,2951,-1.5542243202321941,0
990,0.442493896484375,244,2965,-1.4090416777509134,0
991,0.438447265625,242,2980,-1.2750803460574929,0
992,0.438468017578125,241,2989,-1.6611981088541423,0
993,0.444735107421875,240,2997,-1.5899652544131158,0
994,0.441082763671875,243,2995,-1.5275730729708972,0
995,0.443572998046875,241,2992,-1.4913350492461088,0
996,0.4458349609375,238,2985,-1.4895230368274461,0
997,0.44197509765625,241,2971,-1.5776789127710842,0
998,0.43375732421875,241,2957,-1.712407963102896,0
999,0.438218994140625,249,2947,-1.2827375032060981,0
1000,0.440107421875,240,2942,-1.3943044617000995,0
1001,0.43861328125,239,2924,-1.5113809077718638,0
1002,0.439775390625,243,2916,-1.6308937458866897,0
1003,0.44122802734375,248,2897,-1.7398563668343705,0
1004,0.435625,237,2901,-1.7936578606479436,0
1005,0.435728759765625,237,2892,-1.8781902458660795,0
1006,0.437471923828125,238,2885,-1.6625502597308657,0
1007,0.434815673828125,234,2887,-1.5993723157309852,0
1008,0.43317626953125,249,2876,-2.225595995770542,0
1009,0.43774169921875,247,2887,-2.1944275719018194,0
1010,0.43774169921875,244,2900,-2.1354795622551235,0
1011,0.436309814453125,nan,nan,nan,0
1012,0.43989990234375,nan,nan,nan,0
1013,0.441580810546875,236,2945,-1.7075903393354483,0
1014,0.437928466796875,240,2953,-1.6521672342824498,0
1015,0.441165771484375,236,2961,-1.5303296246958293,0
1016,0.442535400390625,nan,nan,nan,0
1017,0.437451171875,246,2984,-1.7417849825370375,0
1018,0.4385302734375,nan,nan,nan,0
1019,0.4421826171875,242,2998,-1.6118850084347818,0
1020,0.439298095703125,241,2996,-1.6194193127332301,0
1021,0.43915283203125,238,2994,-1.6477190845265604,0
1022,0.441207275390625,240,2984,-1.7206229913744338,0
1023,0.437679443359375,nan,nan,nan,0
1024,0.43923583984375,240,2961,-1.4621319829733013,0
1025,0.443489990234375,242,2942,-1.623218137259899,0
1026,0.43948486328125,238,2938,-1.425923096864408,0
1027,0.435770263671875,247,2923,-1.9179174549369327,0
1028,0.4362890625,249,2913,-2.027232367364701,0
1029,0.43699462890625,241,2911,-2.1190751527287617,0
1030,0.43342529296875,nan,nan,nan,0
1031,0.435521240234375,234,2914,-1.648753181935657,0
1032,0.437762451171875,233,2923,-1.622537455325209,0
1033,0.435023193359375,241,2929,-2.1246025780972007,0
1034,0.439713134765625,233,2950,-1.531299869000705,0
1035,0.44380126953125,235,2961,-1.7377606786100888,0
1036,0.44089599609375,236,2975,-1.5691947321869204,0
1037,0.440584716796875,241,2985,-1.4286281689462133,0
1038,0.443365478515625,nan,nan,nan,0
1039,0.441103515625,240,3011,-1.717080939806083,0
1040,0.43815673828125,247,3014,-1.6173915362378573,0
1041,0.44156005859375,242,3022,-1.5758415027152681,0
1042,0.4430126953125,241,3023,-1.5335599240738826,0
1043,0.438385009765625,243,3016,-1.572561556057563,0
1044,0.43740966796875,242,3008,-1.6358865192172676,0
1045,0.7742138671875,242,2995,-1.2902178683677983,0
1046,1.305277099609375,nan,nan,nan,0
1047,1.659429931640625,nan,nan,nan,0
1048,1.695849609375,nan,nan,nan,0
1049,1.527198486328125,nan,nan,nan,0
1050,1.555296630859375,nan,nan,nan,0
1051,1.52315185546875,nan,nan,nan,0
1052,1.474114990234375,nan,nan,nan,0
1053,1.455106201171875,nan,nan,nan,0
1054,1.565133056640625,nan,nan,nan,0
1055,1.8461767578125,nan,nan,nan,0
1056,2.1767138671875,nan,nan,nan,0
1057,2.483157958984375,nan,nan,nan,0
1058,2.704954833984375,nan,nan,nan,0
1059,2.76544677734375,nan,nan,nan,0
1060,2.693873291015625,nan,nan,nan,0
1061,2.573760986328125,nan,nan,nan,0
1062,2.439080810546875,nan,nan,nan,0
1063,2.3191552734375,nan,nan,nan,0
1064,2.212552490234375,nan,nan,nan,0
1065,2.148885498046875,nan,nan,nan,0
1066,2.08681640625,nan,nan,nan,0
1067,2.0884765625,nan,nan,nan,0
1068,2.014163818359375,nan,nan,nan,0
1069,2.032840576171875,nan,nan,nan,0
1070,2.15542236328125,nan,nan,nan,0
1071,2.230814208984375,nan,nan,nan,0
1072,1.93329345703125,nan,nan,nan,0
1073,1.384134521484375,287,1936,-1.4128656010090133,0
1074,0.4203515625,274,1930,-1.3844456282411741,0
1075,0.421534423828125,260,1928,-1.3748689436539436,0
1076,0.4461669921875,247,1922,-1.3760149782241928,0
1077,0.457269287109375,229,1920,-1.3757214899822667,0
1078,0.446976318359375,228,1918,-1.3663011588375733,0
1079,0.44820068359375,233,1904,-1.43133155139156,0
1080,0.459136962890625,227,1899,-1.5363879006299204,0
1081,0.453160400390625,229,1886,-1.6628495144458597,0
1082,0.449342041015625,226,1878,-1.6446185053597766,0
1083,0.456231689453125,227,1865,-1.9027464329620951,0
1084,0.453616943359375,223,1854,-1.995476576473644,0
1085,0.451292724609375,227,1849,-2.0871170445312233,0
1086,0.45600341796875,221,1849,-1.9363579679595038,0
1087,0.459053955078125,224,1851,-2.189562976452576,0
1088,0.45152099609375,224,1855,-2.2311211262478086,0
1089,0.458389892578125,221,1863,-1.3229155812719444,0
1090,0.46098388671875,225,1869,-1.9883245921459567,0
1091,0.452890625,224,1890,-1.8343733188429914,0
1092,0.455380859375,227,1899,-1.6789499169852142,0
1093,0.45932373046875,227,1915,-1.5299610780939386,0
1094,0.449383544921875,234,1923,-1.403958775462696,0
1095,0.446934814453125,229,1932,-1.3921249656395727,0
1096,0.451915283203125,226,1943,-1.3056633540837375,0
1097,0.44662353515625,230,1943,-1.0444335743228166,0
1098,0.444755859375,229,1951,-1.0057127198602913,0
1099,0.45110595703125,232,1939,-1.01809100405511,0
1100,0.449591064453125,227,1934,-1.092501221167245,0
1101,0.446768798828125,232,1915,-1.1987413113570708,0
1102,0.45509033203125,231,1906,-1.3305659484033603,0
1103,0.456729736328125,224,1901,-1.446702995360317,0
1104,0.449798583984375,228,1887,-1.5657313267352428,0
1105,0.45625244140625,227,1878,-1.701243589194183,0
1106,0.458472900390625,227,1865,-1.801050627015595,0
1107,0.453077392578125,224,1855,-1.8637870467227966,0
1108,0.45455078125,226,1839,-2.085047837429131,0
1109,0.4614404296875,220,1839,-1.364586196178939,0
1110,0.452828369140625,223,1837,-1.7080371188842172,0
1111,0.451624755859375,224,1838,-1.726742774964083,0
1112,0.463038330078125,224,1845,-1.7190980297902438,0
1113,0.460133056640625,225,1857,-1.600248687344413,0
1114,0.452247314453125,224,1873,-1.4629844753081205,0
1115,0.460382080078125,227,1883,-1.0928776367516262,0
1116,0.460382080078125,227,1898,-1.6930740251624696,0
1117,0.45093994140625,228,1913,-1.572049754656696,0
1118,0.453201904296875,227,1919,-1.4308979421627273,0
1119,0.45185302734375,228,1935,-1.3295923104733767,0
1120,0.443822021484375,232,1941,-1.2371684664888747,0
1121,0.4473291015625,231,1935,-1.1468277579512645,0
1122,0.449508056640625,231,1940,-1.122541629116034,0
1123,0.443759765625,234,1936,-1.145764188461138,0
1124,0.446561279296875,230,1931,-1.1930582442567825,0
1125,0.4559619140625,233,1925,-1.271186814206395,0
1126,0.453741455078125,233,1913,-1.3973804262220986,0
1127,0.4501513671875,230,1897,-1.517326927811661,0
1128,0.460693359375,226,1893,-1.6468886913598464,0
1129,0.45575439453125,227,1878,-1.7709986455025675,0
1130,0.45010986328125,225,1870,-1.6140126569029842,0
1131,0.458182373046875,227,1855,-2.020127930167014,0
1132,0.458223876953125,224,1854,-1.5161693911397602,0
1133,0.452205810546875,222,1853,-1.3807275353523174,0
1134,0.459427490234375,224,1854,-2.2274904066865915,0
1135,0.463328857421875,223,1864,-1.6588811971939954,0
1136,0.4554638671875,224,1870,-2.1370168178373508,0
1137,0.457041015625,226,1881,-2.0206535166063926,0
1138,0.46214599609375,226,1900,-1.8762979469509915,0
1139,0.4561279296875,225,1918,-1.6519438730096452,0
1140,0.45123046875,226,1927,-1.611542973491881,0
1141,0.452662353515625,228,1940,-1.4922922926853701,0
1142,0.4486572265625,228,1953,-1.3205214326005335,0
1143,0.447017822265625,227,1961,-1.352083305185837,0
1144,0.455111083984375,227,1966,-1.3187488208470874,0
1145,0.450670166015625,231,1962,-1.087013743820787,0
1146,0.447412109375,235,1959,-1.0806317118983406,0
1147,0.453284912109375,229,1954,-1.3362056242268014,0
1148,0.452786865234375,232,1947,-1.2503232245669906,0
1149,0.447972412109375,229,1938,-1.4435899388793327,0
1150,0.45600341796875,227,1923,-1.5893058607827033,0
1151,0.462166748046875,226,1910,-1.774416477945631,0
1152,0.4547998046875,226,1896,-1.9744568995090663,0
1153,0.4582861328125,225,1885,-1.5475371592789902,0
1154,0.464573974609375,223,1878,-2.230136427820537,0
1155,0.457144775390625,224,1876,-1.7591630948010497,0
1156,0.455028076171875,226,1872,-1.5701991346837918,0
1157,0.465030517578125,223,1890,-1.8399044856678142,0
1158,0.46397216796875,220,1903,-1.5785659795744689,0
1159,0.457061767578125,224,1918,-2.1754216838500096,0
1160,0.462498779296875,227,1930,-2.0191165839250598,0
1161,0.45741455078125,227,1942,-1.7816460160195202,0
1162,0.451873779296875,230,1956,-1.708305712478296,0
1163,0.457393798828125,227,1973,-1.5663320152029705,0
1164,0.456895751953125,229,1985,-1.4402253188632148,0
1165,0.4488232421875,229,1992,-1.4369577577662884,0
1166,0.451334228515625,229,2001,-1.321749895119102,0
1167,0.4543017578125,232,2008,-1.1206940288713039,0
1168,0.446063232421875,231,2009,-1.0320165333225217,0
1169,0.4476611328125,231,2002,-0.9976904486185845,0
1170,0.45608642578125,230,1996,-1.006597548215149,0
1171,0.45077392578125,229,1978,-1.103984449744348,0
1172,0.448677978515625,235,1967,-1.3491324296992833,0
1173,0.45782958984375,230,1957,-1.3418401165479201,0
1174,0.45322265625,228,1955,-1.4954601839488184,0
1175,0.449466552734375,231,1940,-1.5964159057979117,0
1176,0.459344482421875,227,1931,-1.7051599928085714,0
1177,0.458701171875,225,1922,-1.8129549674049983,0
1178,0.4516455078125,225,1914,-1.927298316949674,0
1179,0.458804931640625,226,1902,-2.0337952995665107,0
1180,0.463370361328125,225,1898,-2.116239685628244,0
1181,0.4528076171875,227,1896,-1.6016940736496963,0
1182,0.45998779296875,224,1899,-2.198037657428805,0
1183,0.4645947265625,226,1905,-2.185576235099621,0
1184,0.456522216796875,224,1918,-2.1023428802729516,0
1185,0.45533935546875,224,1926,-1.88908602369653,0
1186,0.46247802734375,227,1940,-1.8199717956521937,0
1187,0.455111083984375,225,1958,-1.6842637147983641,0
1188,0.45093994140625,228,1963,-1.5792414706356706,0
1189,0.45915771484375,228,1982,-1.4306978526326688,0
1190,0.453284912109375,230,1986,-1.3891896671246986,0
1191,0.44620849609375,231,1993,-1.1872953358936371,0
1192,0.452164306640625,226,2003,-1.3125196722543349,0
1193,0.454405517578125,234,2001,-1.1071154192099426,0
1194,0.447308349609375,234,1999,-1.3294232958288053,0
1195,0.452081298828125,228,1984,-1.3441756728603718,0
1196,0.457103271484375,228,1982,-1.3848774646627948,0
1197,0.44869873046875,228,1970,-1.488940679727956,0
1198,0.4531396484375,233,1957,-1.5814569411903818,0
1199,0.4596142578125,228,1946,-1.7000423001856886,0
1200,0.4499853515625,226,1941,-1.8937002997112717,0
1201,0.451915283203125,223,1929,-2.0445624135596256,0
1202,0.4631005859375,225,1928,-2.1367316658658684,0
1203,0.458016357421875,224,1929,-2.1774509736594805,0
1204,0.454488525390625,223,1936,-2.2370612951094486,0
1205,0.463515625,224,1943,-2.2103889311145064,0
1206,0.463079833984375,225,1955,-2.144533577456725,0
1207,0.453990478515625,234,1963,-2.0958018196226034,0
1208,0.4622705078125,226,1979,-1.8842842556487032,0
1209,0.46289306640625,227,1991,-1.8716172248689391,0
1210,0.45268310546875,227,2007,-1.735367880043265,0
1211,0.4582861328125,226,2018,-1.6295163643395476,0
1212,0.462332763671875,227,2030,-1.5452305617374549,0
1213,0.45185302734375,236,2036,-1.422132410691705,0
1214,0.452537841796875,232,2042,-1.2986582623780478,0
1215,0.4569580078125,235,2048,-1.200047173787219,0
1216,0.446021728515625,235,2051,-1.3191331946834524,0
1217,0.4456689453125,231,2063,-1.1138151384930701,0
1218,0.454737548828125,225,2059,-1.3193081386305696,0
1219,0.453367919921875,233,2040,-1.1775781103057472,0
1220,0.449798583984375,229,2033,-1.270662828342795,0
1221,0.4596142578125,231,2024,-1.3837079787705662,0
1222,0.456314697265625,226,2015,-1.5242881529449113,0
1223,0.449736328125,228,2000,-1.5783936130791734,0
1224,0.461170654296875,228,1987,-1.6483769354758664,0
1225,0.45882568359375,226,1978,-1.8556120019809281,0
1226,0.45226806640625,234,1960,-1.4761193930017704,0
1227,0.45787109375,224,1963,-1.3225206593673455,0
1228,0.46388916015625,223,1961,-1.422041603782004,0
1229,0.454239501953125,231,1957,-2.310939753417017,0
1230,0.45691650390625,223,1970,-2.3485221370315568,0
1231,0.47011474609375,224,1981,-2.3054180812555867,0
1232,0.460506591796875,225,1997,-2.220632552305368,0
1233,0.4575390625,226,2009,-2.1016553358727332,0
1234,0.46812255859375,233,2024,-1.4441873559816454,0
1235,0.460693359375,226,2039,-1.703796698059585,0
1236,0.451002197265625,227,2055,-1.5984947008089332,0
1237,0.457061767578125,228,2065,-1.5109101130748757,0
1238,0.453160400390625,230,2078,-1.354966229949179,0
1239,0.44463134765625,231,2087,-1.2520752547156935,0
1240,0.4496533203125,235,2084,-1.2019284445007168,0
1241,0.451998291015625,232,2087,-1.3023721189321744,0
1242,0.44446533203125,228,2095,-1.2586568474542155,0
1243,0.450006103515625,nan,nan,nan,0
1244,0.456937255859375,232,2063,-1.2587100355882939,0
1245,0.449736328125,231,2060,-1.382489651971854,0
1246,0.456314697265625,231,2043,-1.5724134347561955,0
1247,0.4617724609375,227,2030,-1.677601995200778,0
1248,0.45658447265625,227,2022,-1.79024584542052,0
1249,0.451251220703125,229,2012,-1.909263188733064,0
1250,0.461959228515625,226,2006,-2.000180733749704,0
1251,0.458638916015625,224,2003,-1.9452180676234079,0
1252,0.450753173828125,225,2004,-2.155786078532018,0
1253,0.463162841796875,227,2004,-2.177762465356115,0
1254,0.464241943359375,223,2013,-1.9612159517369898,0
1255,0.4554638671875,231,2021,-1.567199220728094,0
1256,0.46251953125,234,2035,-1.520193750126321,0
1257,0.46484375,225,2053,-1.8271032319846503,0
1258,0.450421142578125,227,2067,-1.7094677974791725,0
1259,0.4523095703125,229,2081,-1.6062590129769578,0
1260,0.459468994140625,225,2090,-1.50342961578969,0
1261,0.445855712890625,231,2099,-1.3310617469150126,0
1262,0.445648193359375,228,2115,-1.3292726654041163,0
1263,0.44919677734375,232,2112,-1.1655163372226491,0
1264,0.4463330078125,238,2113,-1.090107398693939,0
1265,0.444652099609375,231,2115,-1.091183695403748,0
1266,0.44936279296875,234,2115,-1.114283973921606,0
1267,0.4486572265625,236,2105,-1.1696216701119129,0
1268,0.44363525390625,229,2105,-1.2643589965495465,0
1269,0.454530029296875,234,2094,-1.4145737765960558,0
1270,0.458057861328125,230,2080,-1.5532889075922043,0
1271,0.44662353515625,229,2064,-1.666103368273311,0
1272,0.456231689453125,232,2049,-1.7741887153010616,0
1273,0.462789306640625,226,2045,-1.8479903682335355,0
1274,0.4544677734375,231,2038,-2.1199467765498383,0
1275,0.4587841796875,225,2035,-2.2187628403556037,0
1276,0.465238037109375,222,2036,-2.304333597959242,0
1277,0.458555908203125,226,2041,-2.3018372862755037,0
1278,0.4581201171875,232,2048,-2.3252874448346743,0
1279,0.466856689453125,225,2064,-2.258158877119767,0
1280,0.459427490234375,235,2072,-2.1405484812482856,0
1281,0.451209716796875,235,2087,-2.0078588873168597,0
1282,0.459468994140625,227,2109,-1.869539132563725,0
1283,0.45322265625,231,2118,-1.73368034228172,0
1284,0.44529541015625,225,2133,-1.6049160232261377,0
1285,0.451064453125,232,2145,-1.4613295731654468,0
1286,0.45123046875,234,2154,-1.373356144592111,0
1287,0.443988037109375,230,2158,-1.3156721896806838,0
1288,0.446063232421875,232,2162,-1.2800322625883886,0
1289,0.451002197265625,230,2163,-1.2729200632809485,0
1290,0.444071044921875,234,2158,-1.2888619525124119,0
1291,0.44546142578125,236,2154,-1.3027531609276748,0
1292,0.451396484375,231,2158,-1.3288496746628393,0
1293,0.4474951171875,232,2148,-1.408458367655479,0
1294,0.446851806640625,234,2146,-1.5087254577709794,0
1295,0.4531396484375,230,2141,-1.6059294248784273,0
1296,0.449715576171875,230,2134,-1.7162555319886588,0
1297,0.446104736328125,226,2131,-1.7328225915935125,0
1298,0.454696044921875,229,2118,-1.942261805724164,0
1299,0.455380859375,227,2115,-2.0272861819188206,0
1300,0.446104736328125,228,2113,-2.0831306462533696,0
1301,0.453990478515625,227,2111,-1.9124287128442647,0
1302,0.459302978515625,228,2118,-2.139767348067691,0
1303,0.446644287109375,228,2127,-2.0994439256240547,0
1304,0.45326416015625,239,2134,-2.040630535549446,0
1305,0.459468994140625,227,2154,-1.9357145312675552,0
1306,0.449798583984375,234,2170,-1.2359713518457554,0
1307,0.448885498046875,229,2181,-1.6856509956519057,0
1308,0.451334228515625,229,2193,-1.5500572046743901,0
1309,0.445482177734375,233,2199,-1.4792083214598666,0
1310,0.441995849609375,234,2206,-1.3473528914662385,0
1311,0.445814208984375,231,2216,-1.2585647741339425,0
1312,0.443780517578125,233,2216,-1.2120823001302128,0
1313,0.441248779296875,231,2228,-1.1730906983822642,0
1314,0.443656005859375,233,2221,-1.3150851651321034,0
1315,0.445980224609375,233,2216,-1.2205062873681136,0
1316,0.44122802734375,234,2209,-1.3263969553542125,0
1317,0.446727294921875,232,2202,-1.446595618445694,0
1318,0.45019287109375,231,2195,-1.577981706734934,0
1319,0.443116455078125,233,2188,-1.7287270403086463,0
1320,0.447889404296875,237,2176,-1.8886316809531039,0
1321,0.455526123046875,226,2178,-2.0280823240167525,0
1322,0.4491552734375,227,2175,-2.152078066356558,0
1323,0.447557373046875,228,2175,-2.2380972264209342,0
1324,0.45392822265625,225,2181,-2.3061432545965843,0
1325,0.448553466796875,229,2183,-2.324269995519189,0
1326,0.44388427734375,231,2188,-2.338625063674307,0
1327,0.45044189453125,237,2200,-2.318026656648824,0
1328,0.450877685546875,231,2207,-2.278169657571537,0
1329,0.446934814453125,228,2229,-2.182185275493983,0
1330,0.454779052734375,229,2244,-2.0728866641026524,0
1331,0.4531396484375,238,2261,-1.4273361023239932,0
1332,0.4430126953125,232,2276,-1.6950491642447352,0
1333,0.4478271484375,232,2290,-1.569608893581579,0
1334,0.448553466796875,235,2299,-1.4389949664942394,0
1335,0.442576904296875,235,2314,-1.295594337712691,0
1336,0.44338623046875,236,2322,-1.1654036424041765,0
1337,0.448076171875,233,2333,-1.2193722671843226,0
1338,0.442203369140625,236,2334,-1.16424125157232,0
1339,0.44214111328125,237,2331,-0.9958394207588412,0
1340,0.4504833984375,236,2320,-1.0586118686959427,0
1341,0.4445068359375,235,2311,-1.1576816526011005,0
1342,0.44126953125,231,2298,-1.3840089372224273,0
1343,0.449134521484375,236,2286,-1.4552674267753964,0
1344,0.449923095703125,234,2276,-1.5795628307738694,0
1345,0.442908935546875,234,2259,-1.6853830217951113,0
1346,0.44903076171875,239,2247,-1.7283614724016694,0
1347,0.45322265625,229,2240,-1.9754086582467814,0
1348,0.44591796875,228,2232,-2.1266896004529645,0
1349,0.447183837890625,228,2226,-2.249580945290882,0
1350,0.451728515625,228,2226,-2.3195233988412314,0
1351,0.444776611328125,231,2228,-2.3830526279988486,0
1352,0.44658203125,228,2239,-2.350302595191997,0
1353,0.454073486328125,226,2254,-2.3043209525114383,0
1354,0.451168212890625,226,2271,-2.174073728702923,0
1355,0.449425048828125,228,2283,-1.859811217207981,0
1356,0.45583740234375,228,2301,-1.8862816399176143,0
1357,0.450130615234375,231,2315,-1.664431951822368,0
1358,0.444029541015625,231,2330,-1.536412990865399,0
1359,0.444652099609375,234,2343,-1.4336523571055864,0
1360,0.447515869140625,234,2353,-1.3568760496302454,0
1361,0.442576904296875,235,2367,-1.1661827832230562,0
1362,0.44280517578125,240,2365,-1.101310369551591,0
1363,0.446851806640625,240,2371,-1.0768126826556594,0
1364,0.441290283203125,237,2366,-1.0511720084303402,0
1365,0.4428466796875,240,2361,-1.2630090842860575,0
1366,0.4482421875,230,2356,-1.3325040758551303,0
1367,0.443116455078125,235,2337,-1.4214798573072276,0
1368,0.442950439453125,233,2326,-1.4998630734303884,0
1369,0.4498193359375,230,2323,-1.5932033153373473,0
1370,0.448179931640625,234,2314,-1.7005340861946134,0
1371,0.443656005859375,231,2304,-1.7169419951874803,0
1372,0.45658447265625,229,2296,-1.9147173367838928,0
1373,0.453118896484375,227,2293,-1.8588645331443896,0
1374,0.445980224609375,226,2290,-1.9481708873807246,0
1375,0.453948974609375,226,2289,-1.9683602480995663,0
1376,0.455401611328125,228,2291,-1.9392704735571158,0
1377,0.446395263671875,228,2301,-2.125424129960086,0
1378,0.45052490234375,227,2313,-1.9005989221246793,0
1379,0.456978759765625,229,2324,-1.776727892573314,0
1380,0.448636474609375,228,2342,-1.8108476450169864,0
1381,0.446810302734375,232,2351,-1.6142543242740288,0
1382,0.452330322265625,229,2367,-1.548337427002532,0
1383,0.444527587890625,231,2379,-1.4652077432118578,0
1384,0.44139404296875,236,2386,-1.3005524834675617,0
1385,0.447972412109375,236,2396,-1.1812588809543456,0
1386,0.444361572265625,235,2403,-1.0678164849203569,0
1387,0.4415185546875,239,2404,-1.030606784706789,0
1388,0.44703857421875,230,2402,-1.038482981251958,0
1389,0.445980224609375,230,2393,-1.091736322696482,0
1390,0.443365478515625,238,2374,-1.1618697741853756,0
1391,0.4468310546875,234,2366,-1.2687694698275855,0
1392,0.44911376953125,234,2355,-1.4537336304875064,0
1393,0.44488037109375,233,2339,-1.5515803890333082,0
1394,0.447412109375,235,2326,-1.620198823285266,0
1395,0.4574560546875,229,2315,-1.7022643247549372,0
1396,0.4468310546875,229,2305,-1.9636612913120715,0
1397,0.447432861328125,228,2295,-2.115615514037003,0
1398,0.45558837890625,227,2289,-2.2556400841138498,0
1399,0.448055419921875,231,2288,-2.3625218865105175,0
1400,0.445440673828125,226,2293,-2.478346327033834,0
1401,0.45459228515625,231,2301,-2.418859412790387,0
1402,0.451085205078125,232,2315,-2.367235353943533,0
1403,0.44604248046875,227,2332,-2.2835084745648864,0
1404,0.456439208984375,227,2345,-1.95050915964761,0
1405,0.460299072265625,230,2364,-2.0013041089529358,0
1406,0.446602783203125,232,2380,-1.8520154324786322,0
1407,0.4504833984375,240,2393,-1.68828269737085,0
1408,0.451998291015625,234,2412,-1.5265402014524572,0
1409,0.443157958984375,237,2423,-1.3164081972171449,0
1410,0.442535400390625,233,2440,-1.152385206593065,0
1411,0.450068359375,234,2443,-1.0133306487517153,0
1412,0.442908935546875,233,2453,-0.9550563521130053,0
1413,0.442950439453125,234,2453,-0.9396815136899743,0
1414,0.45110595703125,234,2447,-0.9642460864959688,0
1415,0.44587646484375,241,2431,-1.061110233720802,0
1416,0.44346923828125,238,2417,-1.2034628197201558,0
1417,0.44861572265625,235,2401,-1.3528180690232956,0
1418,0.449881591796875,234,2391,-1.5085622497933073,0
1419,0.444693603515625,229,2384,-1.6239138359000886,0
1420,0.45052490234375,232,2373,-1.7472453800423757,0
1421,0.460340576171875,228,2359,-1.8559063191755403,0
1422,0.444818115234375,228,2353,-1.3216142105823137,0
1423,0.44724609375,231,2343,-1.4449293092427693,0
1424,0.45521484375,224,2345,-1.6157383396936584,0
1425,0.446519775390625,228,2350,-1.8691249239794683,0
1426,0.446976318359375,226,2360,-1.5981614946171305,0
1427,0.455609130859375,228,2373,-1.5347817627245783,0
1428,0.448740234375,230,2388,-1.4443341087407493,0
1429,0.44645751953125,238,2396,-1.5270722898688351,0
1430,0.45641845703125,233,2419,-1.9024020260760128,0
1431,0.44969482421875,236,2433,-1.7589549851403348,0
1432,0.445731201171875,240,2448,-1.6124747432156958,0
1433,0.44703857421875,238,2462,-1.4570861873379783,0
1434,0.444195556640625,236,2477,-1.3308776728956921,0
1435,0.440294189453125,242,2474,-1.2251922856841206,0
1436,0.44322021484375,245,2486,-1.1262633228531271,0
1437,0.446146240234375,232,2490,-1.2150939032885981,0
1438,0.44429931640625,234,2496,-0.9973882908943423,0
1439,0.445399169921875,235,2479,-1.0337154635880657,0
1440,0.4494873046875,245,2470,-1.129064628111852,0
1441,0.443157958984375,235,2462,-1.2588254512651158,0
1442,0.44413330078125,238,2443,-1.4217247216956785,0
1443,0.452579345703125,233,2435,-1.5485435597186372,0
1444,0.44712158203125,235,2421,-1.6861771810207076,0
1445,0.44546142578125,232,2413,-1.8417658463388458,0
1446,0.456729736328125,230,2403,-1.998087240242226,0
1447,0.452496337890625,228,2394,-1.9189132118763652,0
1448,0.4430126953125,226,2393,-1.4733918368989176,0
1449,0.447744140625,230,2392,-1.55468896957992,0
1450,0.45110595703125,228,2400,-1.595664777126177,0
1451,0.445751953125,235,2409,-2.3810154073604384,0
1452,0.446976318359375,228,2428,-1.522522827281442,0
1453,0.453699951171875,228,2442,-1.442314700322565,0
1454,0.44662353515625,240,2453,-2.084381415355823,0
1455,0.44869873046875,236,2471,-1.9239660206978542,0
1456,0.454384765625,232,2491,-1.7433739841966265,0
1457,0.44529541015625,236,2504,-1.546425746723905,0
1458,0.442950439453125,239,2519,-1.39294292866151,0
1459,0.446748046875,234,2540,-1.1893216644120326,0
1460,0.44421630859375,241,2543,-1.0517765285629892,0
1461,0.442161865234375,233,2562,-0.8903764548074715,0
1462,0.4484912109375,233,2565,-0.7627145493875336,0
1463,0.44961181640625,237,2557,-0.7067102204047471,0
1464,0.448076171875,235,2548,-0.7174480894237538,0
1465,0.450919189453125,237,2531,-0.7580744656515854,0
1466,0.451666259765625,237,2519,-0.8488330590283271,0
1467,0.44388427734375,233,2508,-0.9665469477665702,0
1468,0.444423828125,234,2493,-1.073223609530661,0
1469,0.4468310546875,234,2481,-1.221862406584215,0
1470,0.4421826171875,233,2468,-1.363891752492263,0
1471,0.44363525390625,237,2452,-1.4718096369189695,0
1472,0.45376220703125,234,2442,-1.5852926550547952,0
1473,0.44654052734375,240,2429,-1.713731284361983,0
1474,0.44454833984375,239,2417,-1.8452929906505222,0
1475,0.457227783203125,232,2410,-1.9550574302927792,0
1476,0.451396484375,230,2404,-1.9822527635278124,0
1477,0.442825927734375,228,2402,-2.0529550625079356,0
1478,0.449383544921875,229,2402,-1.4968434063509068,0
1479,0.451707763671875,231,2406,-1.4978884942633295,0
1480,0.44446533203125,229,2420,-1.751117877639011,0
1481,0.449010009765625,231,2431,-1.350186374598949,0
1482,0.45787109375,232,2447,-1.9588496341796517,0
1483,0.44658203125,239,2459,-1.7574482062205998,0
1484,0.44678955078125,237,2476,-1.5603647578903832,0
1485,0.444984130859375,236,2495,-1.3745012054864079,0
1486,0.442369384765625,232,2514,-1.2064052088703878,0
1487,0.441912841796875,240,2515,-1.0733470170484178,0
1488,0.448055419921875,232,2532,-0.9537004884935794,0
1489,0.444091796875,233,2536,-0.9002973451394389,0
1490,0.441871337890625,236,2531,-0.9056398877579452,0
1491,0.44923828125,232,2522,-0.9584478393727185,0
1492,0.445814208984375,234,2507,-1.0591525350142383,0
1493,0.441497802734375,243,2481,-1.2287195143168006,0
1494,0.44405029296875,237,2473,-1.4001346121241092,0
1495,0.448013916015625,235,2462,-1.5656538630817298,0
1496,0.445025634765625,236,2450,-1.7269470450831257,0
1497,0.44761962890625,231,2443,-1.888004893337972,0
1498,0.45592041015625,227,2435,-1.9230113842467143,0
1499,0.442431640625,231,2425,-1.3953780080083655,0
1500,0.444029541015625,225,2425,-1.56910686152312,0
1501,0.450130615234375,229,2425,-1.559400061929841,0
1502,0.445399169921875,233,2431,-1.5883220290178297,0
1503,0.44571044921875,231,2446,-1.832104037043477,0
1504,0.45334716796875,230,2460,-1.4906588480497174,0
1505,0.446395263671875,231,2476,-1.3914936193777034,0
1506,0.44571044921875,237,2490,-2.0469091169115154,0
1507,0.45517333984375,231,2509,-1.9065197109285492,0
1508,0.45268310546875,236,2526,-1.7352502268521715,0
1509,0.44259765625,239,2532,-1.5703173279915035,0
1510,0.442493896484375,238,2558,-1.3920381496186387,0
1511,0.444423828125,234,2569,-1.3396565022728772,0
1512,0.440667724609375,236,2582,-1.0618676646748142,0
1513,0.44089599609375,240,2585,-1.488645712394698,0
1514,0.44579345703125,236,2590,-0.917239504478288,0
1515,0.440501708984375,235,2588,-0.9685950621143053,0
1516,0.441580810546875,239,2571,-1.2427095692937424,0
1517,0.4469140625,231,2569,-1.1896506662776254,0
1518,0.442327880859375,237,2547,-1.3354138238825666,0
1519,0.441539306640625,236,2535,-1.4952482475787878,0
1520,0.4508154296875,241,2521,-1.5688104712018278,0
1521,0.44803466796875,236,2508,-1.7256237125827036,0
1522,0.44305419921875,233,2507,-1.8194132785837196,0
1523,0.45152099609375,232,2496,-2.0014420333744383,0
1524,0.44894775390625,229,2493,-2.1176277007165263,0
1525,0.44139404296875,228,2492,-2.1876660261999614,0
1526,0.444527587890625,231,2490,-2.12682198491218,0
1527,0.447764892578125,231,2496,-2.1191479339681507,0
1528,0.442763671875,230,2509,-2.1462682390769405,0
1529,0.44820068359375,240,2520,-2.1072784396157918,0
1530,0.4569580078125,242,2535,-1.4933912826401219,0
1531,0.44695556640625,239,2543,-1.861660135377008,0
1532,0.44521240234375,236,2556,-1.6704571883647201,0
1533,0.4521435546875,235,2573,-1.5611066247046352,0
1534,0.44031494140625,241,2581,-1.5024832177622223,0
1535,0.43823974609375,238,2593,-1.373285646211599,0
1536,0.444154052734375,243,2601,-1.266438366169992,0
1537,0.4426806640625,247,2602,-1.3016489151020458,0
1538,0.437596435546875,241,2598,-1.138086206909037,0
1539,0.44288818359375,236,2606,-1.1387972447357928,0
1540,0.44392578125,234,2597,-1.2956697854652832,0
1541,0.43940185546875,239,2588,-1.3906984604283092,0
1542,0.442327880859375,238,2570,-1.475391833390903,0
1543,0.452205810546875,239,2563,-1.5375956176019363,0
1544,0.44438232421875,234,2552,-1.6293315992556003,0
1545,0.44687255859375,241,2538,-1.7660999347410211,0
1546,0.45741455078125,230,2534,-1.8860241676455898,0
1547,0.447474365234375,236,2519,-2.011777225252392,0
1548,0.443095703125,228,2519,-1.9806915744954523,0
1549,0.4503173828125,230,2515,-2.148313369589461,0
1550,0.444320068359375,240,2517,-2.2616357776386877,0
1551,0.442991943359375,231,2526,-1.4607229596187823,0
1552,0.451707763671875,230,2539,-1.3952300683941443,0
1553,0.452164306640625,233,2554,-2.0608374675906234,0
1554,0.44529541015625,239,2566,-1.9017875121964583,0
1555,0.45243408203125,236,2585,-1.6685265456453342,0
1556,0.45110595703125,238,2599,-1.5628685150930686,0
1557,0.439381103515625,240,2608,-1.4583818908846746,0
1558,0.442535400390625,236,2626,-1.241212712386548,0
1559,0.44853271484375,236,2636,-1.1086629351273372,0
1560,0.43898681640625,240,2636,-1.0295911621682725,0
1561,0.4402734375,237,2645,-0.9416767676646343,0
1562,0.447515869140625,241,2639,-0.9340069025802826,0
1563,0.442452392578125,241,2632,-0.9368102687543285,0
1564,0.440377197265625,239,2624,-0.9973029166079197,0
1565,0.446727294921875,244,2605,-1.138441764086302,0
1566,0.44197509765625,236,2601,-1.2604615110949648,0
1567,0.439339599609375,234,2589,-1.4381084882811246,0
1568,0.447183837890625,239,2573,-1.489582916202309,0
1569,0.451956787109375,236,2564,-1.5943306845340892,0
1570,0.442867431640625,239,2546,-1.6820193219938924,0
1571,0.450089111328125,238,2539,-1.8632867174520609,0
1572,0.45654296875,229,2536,-1.8343772460754213,0
1573,0.44255615234375,242,2525,-2.071479680078536,0
1574,0.44591796875,242,2522,-2.1450608540427636,0
1575,0.453160400390625,230,2527,-2.0521766624350537,0
1576,0.445399169921875,229,2535,-2.067580905294765,0
1577,0.445814208984375,230,2543,-2.1226526815244364,0
1578,0.45741455078125,241,2556,-2.042211700730684,0
1579,0.45060791015625,239,2572,-1.9140175649181828,0
1580,0.44512939453125,235,2587,-1.7784439678184274,0
1581,0.453741455078125,238,2596,-1.6100237186972208,0
1582,0.44380126953125,243,2601,-1.443190373529096,0
1583,0.438966064453125,242,2615,-1.3164274271110283,0
1584,0.4461669921875,237,2633,-1.1948521874529545,0
1585,0.446893310546875,238,2640,-1.0983883966617327,0
1586,0.438343505859375,238,2641,-1.059273811466742,0
1587,0.442120361328125,241,2638,-1.0260159934739352,0
1588,0.444735107421875,240,2638,-0.9915978137149306,0
1589,0.440086669921875,240,2632,-1.0291778759047192,0
1590,0.44313720703125,238,2627,-1.0613384995559638,0
1591,0.446748046875,246,2609,-1.1704624223342028,0
1592,0.440958251953125,235,2605,-1.2975861243380322,0
1593,0.439671630859375,238,2585,-1.4796500182712142,0
1594,0.45484130859375,236,2578,-1.5832123876756423,0
1595,0.449217529296875,240,2569,-1.6772717165246815,0
1596,0.444755859375,239,2553,-1.771420606214818,0
1597,0.456563720703125,237,2550,-1.8707215883512411,0
1598,0.447640380859375,231,2545,-2.1271487034237815,0
1599,0.44097900390625,230,2546,-2.0916291523883555,0
1600,0.446602783203125,229,2549,-2.1343979869086898,0
1601,0.447764892578125,228,2557,-2.019803151647425,0
1602,0.4425146484375,230,2569,-2.1399349390364444,0
1603,0.448408203125,241,2578,-2.0371652436779684,0
1604,0.461710205078125,236,2598,-1.750905900783323,0
1605,0.445399169921875,241,2613,-1.682806197058798,0
1606,0.442078857421875,238,2631,-1.5299687752130477,0
1607,0.44923828125,237,2641,-1.3398790905141098,0
1608,0.440626220703125,241,2651,-0.9992141958612049,0
1609,0.439837646484375,238,2664,-1.0896536657389522,0
1610,0.44579345703125,235,2670,-1.0021503100320803,0
1611,0.445025634765625,238,2669,-0.9631367065985215,0
1612,0.439422607421875,245,2660,-0.9703727792148058,0
1613,0.445751953125,240,2647,-1.024069095396599,0
1614,0.448304443359375,237,2636,-1.1424989290480383,0
1615,0.439920654296875,237,2626,-1.2749141514184732,0
1616,0.4429296875,240,2610,-1.4619237732170607,0
1617,0.452579345703125,241,2592,-1.5394593445005524,0
1618,0.444921875,238,2581,-1.620467714397254,0
1619,0.4495703125,233,2577,-1.8086165743450202,0
1620,0.4569580078125,242,2556,-1.944471720472439,0
1621,0.443656005859375,242,2555,-2.0674774213652913,0
1622,0.442037353515625,230,2554,-2.151326664287219,0
1623,0.449757080078125,229,2556,-2.1076169560662894,0
1624,0.444029541015625,229,2561,-2.122921068669676,0
1625,0.4431787109375,244,2560,-2.1992624939919807,0
1626,0.45168701171875,238,2580,-2.1120417894109655,0
1627,0.453201904296875,239,2595,-2.0038333325699185,0
1628,0.4469140625,233,2616,-1.7662199995070518,0
1629,0.452911376953125,241,2624,-1.711562266214802,0
1630,0.456231689453125,241,2639,-1.5456957321896363,0
1631,0.438841552734375,240,2651,-1.4021187965552429,0
1632,0.4416845703125,236,2669,-1.2593880757414189,0
1633,0.4464990234375,239,2675,-1.1312116236221943,0
1634,0.438551025390625,240,2674,-1.0364081927461708,0
1635,0.441290283203125,243,2679,-0.9993274566896453,0
1636,0.44745361328125,238,2675,-1.006026628752343,0
1637,0.442203369140625,239,2655,-1.0988910498727007,0
1638,0.440750732421875,236,2658,-1.2252317302986881,0
1639,0.45201904296875,240,2635,-1.385695642854305,0
1640,0.447474365234375,238,2626,-1.5429324726204694,0
1641,0.443365478515625,241,2614,-1.6201120299727343,0
1642,0.45699951171875,237,2601,-1.7405394778235177,0
1643,0.453056640625,241,2588,-1.4635039981732598,0
1644,0.440792236328125,230,2588,-1.4697164550238462,0
1645,0.443759765625,231,2582,-2.113101292321584,0
1646,0.44770263671875,245,2576,-2.2856414594825942,0
1647,0.440128173828125,242,2577,-2.297199478968805,0
1648,0.443759765625,247,2590,-2.2436348900685106,0
1649,0.455028076171875,234,2613,-2.1021471494129704,0
1650,0.44512939453125,246,2623,-2.0351150229618993,0
1651,0.445938720703125,241,2642,-1.3912415603992816,0
1652,0.4634326171875,244,2645,-1.7220329944958301,0
1653,0.44737060546875,239,2666,-1.5614955761607456,0
1654,0.439007568359375,240,2681,-1.4070581577610053,0
1655,0.442369384765625,241,2692,-1.2456567801856782,0
1656,0.440335693359375,237,2709,-1.1298833257563174,0
1657,0.4378662109375,237,2715,-1.045994173360823,0
1658,0.44454833984375,237,2717,-1.0091442782175353,0
1659,0.44504638671875,241,2709,-1.036104193155321,0
1660,0.437554931640625,244,2702,-1.108179737260551,0
1661,0.4400244140625,237,2693,-1.2207410837612311,0
1662,0.44703857421875,238,2678,-1.3556701391572954,0
1663,0.442535400390625,240,2665,-1.4974925772105516,0
1664,0.44770263671875,243,2655,-1.6212590981326107,0
1665,0.460506591796875,242,2642,-1.7696386546451182,0
1666,0.44724609375,235,2638,-1.768574239171647,0
1667,0.442701416015625,242,2623,-2.0328445675458546,0
1668,0.45384521484375,238,2622,-2.1337952224666923,0
1669,0.444320068359375,233,2625,-2.148019237222483,0
1670,0.44023193359375,242,2628,-2.202186402975821,0
1671,0.452164306640625,238,2636,-1.5463960231733864,0
1672,0.455277099609375,237,2649,-2.034189723562557,0
1673,0.44313720703125,242,2655,-1.9087329626516372,0
1674,0.453865966796875,243,2672,-1.758895846532475,0
1675,0.453160400390625,240,2683,-1.6000468894035569,0
1676,0.43666259765625,243,2694,-1.4396220837380458,0
1677,0.440999755859375,237,2712,-1.3173069011682763,0
1678,0.44654052734375,239,2719,-1.1850645275927612,0
1679,0.439049072265625,237,2726,-1.0971679564299448,0
1680,0.440335693359375,236,2729,-1.032332373930931,0
1681,0.44579345703125,236,2726,-1.0532706032751857,0
1682,0.4416845703125,244,2711,-1.152830730576964,0
1683,0.439505615234375,241,2701,-1.2824409017934766,0
1684,0.44637451171875,240,2689,-1.3971689502053986,0
1685,0.445316162109375,233,2682,-1.514236215596629,0
1686,0.4431787109375,238,2669,-1.6426167273532748,0
1687,0.456708984375,239,2656,-1.7712099092978928,0
1688,0.458016357421875,243,2646,-1.9026008165782748,0
1689,0.44056396484375,241,2641,-2.0142732192308097,0
1690,0.4481591796875,232,2642,-1.998356318523399,0
1691,0.45334716796875,235,2638,-2.1365558200114814,0
1692,0.4400244140625,234,2643,-2.1456549557770934,0
1693,0.444154052734375,242,2649,-2.184252047929916,0
1694,0.4546337890625,241,2665,-2.11937101600999,0
1695,0.442908935546875,242,2673,-2.003427435121477,0
1696,0.442161865234375,239,2692,-1.8627920017290647,0
1697,0.45807861328125,234,2714,-1.7012314027876467,0
1698,0.448594970703125,236,2726,-1.551710624958508,0
1699,0.44023193359375,238,2736,-1.4325689034456932,0
1700,0.446083984375,229,2757,-1.2946660180730065,0
1701,0.44421630859375,245,2752,-1.1960381363390784,0
1702,0.438883056640625,239,2761,-1.13872785353092,0
1703,0.442327880859375,237,2763,-1.0939348528816977,0
1704,0.4456689453125,237,2762,-1.0852670420358077,0
1705,0.438717041015625,244,2743,-1.1455447399696332,0
1706,0.44297119140625,237,2741,-1.2397660740001246,0
1707,0.448013916015625,240,2724,-1.3759477753554759,0
1708,0.44263916015625,238,2717,-1.4940397616373016,0
1709,0.440543212890625,237,2706,-1.5687499626758301,0
1710,0.458389892578125,242,2692,-1.7249259312037122,0
1711,0.447640380859375,239,2691,-1.8490904914333122,0
1712,0.439588623046875,238,2680,-1.9483106416460316,0
1713,0.452911376953125,239,2675,-2.0327426526563164,0
1714,0.447598876953125,235,2674,-1.9488218350293094,0
1715,0.4375341796875,237,2674,-2.1019688698973216,0
1716,0.44857421875,235,2680,-1.7008737404400556,0
1717,0.44944580078125,248,2683,-2.064529519812538,0
1718,0.435728759765625,242,2696,-1.9627075011229866,0
1719,0.44986083984375,240,2710,-1.828451880710504,0
1720,0.45998779296875,238,2729,-1.677074689822594,0
1721,0.441580810546875,238,2738,-1.5045427460857095,0
1722,0.441580810546875,236,2754,-1.3410621759071173,0
1723,0.446602783203125,237,2761,-1.2191723053669605,0
1724,0.4396923828125,245,2760,-1.129272811496266,0
1725,0.43923583984375,236,2773,-1.0893073065122119,0
1726,0.446416015625,240,2767,-1.079259090525536,0
1727,0.441622314453125,247,2755,-1.1437126582415242,0
1728,0.439173583984375,235,2751,-1.2286202396314874,0
1729,0.4466650390625,242,2737,-1.35200762136866,0
1730,0.447412109375,242,2720,-1.5015886549251443,0
1731,0.4408544921875,238,2713,-1.5757583495468657,0
1732,0.44803466796875,240,2698,-1.716625928510103,0
1733,0.45388671875,241,2694,-1.837500944509852,0
1734,0.437388916015625,242,2686,-1.9389006841605685,0
1735,0.444444580078125,240,2680,-2.034660746218754,0
1736,0.4543017578125,231,2681,-1.9923199633408402,0
1737,0.43732666015625,233,2680,-1.4070703212160431,0
1738,0.437388916015625,237,2683,-2.186120518627373,0
1739,0.448843994140625,235,2692,-1.3776867518947782,0
1740,0.4402734375,243,2704,-1.2805434996123601,0
1741,0.4411865234375,242,2711,-1.9593039365424634,0
1742,0.45919921875,239,2728,-1.8251939379943583,0
1743,0.45509033203125,238,2746,-1.6804684436688007,0
1744,0.440626220703125,237,2757,-1.5275996334508193,0
1745,0.447391357421875,242,2766,-1.3941475910994185,0
1746,0.445897216796875,243,2778,-1.2838704186905154,0
1747,0.43931884765625,237,2788,-1.1829457971134367,0
1748,0.442286376953125,247,2780,-1.1619376941048962,0
1749,0.443614501953125,243,2785,-1.1241663985397974,0
1750,0.4396923828125,243,2791,-1.0952747226681208,0
1751,0.440626220703125,238,2794,-1.0565499187279128,0
1752,0.444735107421875,246,2788,-1.0328768834189495,0
1753,0.441912841796875,239,2787,-1.0411331230594696,0
1754,0.440107421875,246,2770,-1.1504710401495633,0
1755,0.447266845703125,240,2764,-1.2883385155425442,0
1756,0.44645751953125,243,2747,-1.4365950399175622,0
1757,0.44230712890625,238,2737,-1.568139303330522,0
1758,0.456605224609375,233,2729,-1.6880546391456805,0
1759,0.45367919921875,239,2712,-1.8321318283401231,0
1760,0.435625,241,2705,-1.9313568745328373,0
1761,0.4408544921875,240,2698,-2.0191452907799583,0
1762,0.44894775390625,240,2694,-2.079306259241722,0
1763,0.43462890625,237,2691,-2.1164002377683655,0
1764,0.4377001953125,238,2694,-2.1213112976747404,0
1765,0.448927001953125,238,2702,-2.099610620385656,0
1766,0.4416015625,237,2715,-2.011911646747281,0
1767,0.444610595703125,243,2721,-1.8803354901032492,0
1768,0.46123291015625,235,2741,-1.7122291585167027,0
1769,0.4473291015625,234,2758,-1.5758982309003775,0
1770,0.4389453125,237,2766,-1.4524407441600644,0
1771,0.44745361328125,236,2782,-1.3216544385297277,0
1772,0.444195556640625,237,2787,-1.2917939610946068,0
1773,0.438717041015625,241,2782,-1.2560216349073574,0
1774,0.443489990234375,241,2795,-1.0288334461994593,0
1775,0.4442578125,235,2797,-1.0298922798722172,0
1776,0.4393603515625,237,2784,-1.0654119245260922,0
1777,0.443946533203125,247,2774,-1.3082860967561842,0
1778,0.44625,236,2766,-1.2782665791920333,0
1779,0.439837646484375,237,2751,-1.432925581195093,0
1780,0.442410888671875,235,2740,-1.5592655840629934,0
1781,0.45774658203125,234,2733,-1.6627319649630365,0
1782,0.447681884765625,241,2718,-1.8002861771879166,0
1783,0.438883056640625,236,2712,-1.9039477762263743,0
1784,0.44944580078125,246,2703,-2.008911803188994,0
1785,0.441829833984375,237,2704,-2.0890082571149415,0
1786,0.43209716796875,243,2697,-2.134382159282226,0
1787,0.441871337890625,236,2703,-2.1702334384443276,0
1788,0.443282470703125,233,2711,-2.0116713544503897,0
1789,0.437596435546875,240,2717,-2.0596288124065545,0
1790,0.44761962890625,240,2731,-1.9184998433588216,0
1791,0.456024169921875,241,2742,-1.7565804363516726,0
1792,0.441207275390625,237,2761,-1.629012219799951,0
1793,0.440709228515625,237,2772,-1.4836237564703394,0
1794,0.44654052734375,239,2783,-1.359258257797931,0
1795,0.4396923828125,237,2793,-1.3467344272239448,0
1796,0.439381103515625,245,2793,-1.2418526561505,0
1797,0.443739013671875,235,2810,-1.0977659848969052,0
1798,0.439422607421875,240,2809,-1.0610971050766533,0
1799,0.437720947265625,239,2805,-1.079075286852536,0
